country,1961,1962,1963,1964,1965,1966,1967,1968,1969,1970,1971,1972,1973,1974,1975,1976,1977,1978,1979,1980,1981,1982,1983,1984,1985,1986,1987,1988,1989,1990,1991,1992,1993,1994,1995,1996,1997,1998,1999,2000,2001,2002,2003,2004,2005,2006,2007,2008,2009,2010,2011,2012,2013,2014,2015,2016,2017,2018,2019,2020,2021,2022,2023
Aruba,1.19,1.33,1.2,1.08,0.986,0.862,0.503,0.134,−0.0288,−0.173,−0.287,−1.26,0.433,0.0857,−0.0926,0.125,0.363,0.334,0.704,1.21,1.09,1.17,1.54,1.08,−1.88,−2.95,−1.3,0.29,1.86,3.75,4.89,4.61,6.56,5.17,2.81,3.95,3.87,2.46,1.36,1.03,0.935,0.692,1.14,2.14,2.59,1.8,0.747,0.763,0.678,0.23,0.737,1.47,1.49,1.07,1.02,0.758,0.00736,0.159,0.271,−0.566,−0.82,−0.363,0.0457
Afghanistan,1.96,2.04,2.11,2.16,2.23,2.27,2.31,2.36,2.39,2.45,2.43,2.44,2.53,2.53,2.42,2.21,2.13,2.01,0.324,−3.63,−9.82,−8.26,−0.67,2.46,2.09,−0.0593,−0.283,1.18,3,1.43,1.59,8.16,11.8,8.39,4.89,4.01,3.8,3.76,3.73,1.21,0.762,5.25,6.15,3.58,3.52,4.09,1.89,2.19,3.65,2.93,3.69,4.05,3.42,3.63,3.12,2.54,2.81,2.91,2.98,3.15,2.36,1.44,2.14
Angola,1.33,0.99,1,1.03,1.05,1.07,1.08,1.07,1.06,1.53,2.34,3.01,3.41,3.46,3.41,3.33,3.38,3.48,3.51,3.59,3.64,3.68,3.72,3.71,3.68,3.62,3.47,3.4,3.41,3.39,3.36,3.27,3.2,3.24,3.34,3.38,3.4,3.35,3.3,3.31,3.35,3.41,3.49,3.59,3.65,3.68,3.74,3.78,3.8,3.85,3.89,3.88,3.85,3.73,3.61,3.58,3.54,3.45,3.39,3.27,3.18,3.14,3.08
Albania,3.12,3.06,2.95,2.88,2.75,2.63,2.63,2.84,2.9,2.55,2.42,2.49,2.36,2.3,2.3,2.21,2.21,2.08,1.99,2.05,2,2.11,2.12,2.1,2.06,1.93,2,1.89,2.69,1.8,−0.603,−0.606,−0.61,−0.614,−0.618,−0.622,−0.625,−0.629,−0.633,−0.637,−0.938,−0.3,−0.374,−0.418,−0.512,−0.631,−0.756,−0.767,−0.674,−0.496,−0.269,−0.165,−0.183,−0.207,−0.291,−0.16,−0.092,−0.247,−0.426,−0.574,−0.927,−1.22,−1.15
Andorra,7.81,7.52,7.21,6.88,6.59,7.02,7.95,8.12,7.72,7.38,7.08,6.83,6.6,6.35,6.1,5.82,5.49,5.13,4.69,4.21,3.8,4.2,4.54,4.12,3.61,4.26,4.11,3.63,2.41,3.83,7.45,6.05,4.98,2.1,−1.09,0.113,1.11,1.05,0.5,−0.0381,0.254,0.988,4.38,6.73,4.08,2.76,2.84,1.96,0.47,−3.87,−3.69,−1.23,−2.16,−1.96,−2.14,0.0097,2.17,1.88,1.73,1.18,1.26,1.7,1.43
UAE,4.94,4.92,4.89,4.8,4.54,4.03,3.24,10.4,18.4,17.9,15.6,13.9,12.5,11.4,10.4,12.6,14.3,13.1,12,10.8,7.96,5.87,5.74,5.56,5.36,6.29,7.03,6.61,6.23,5.88,5.55,5.25,4.95,4.66,4.47,6.48,8.12,7.62,7.16,6.74,6.38,6.08,5.78,5.49,5.19,7.12,11.6,11.4,6.22,2.4,3.36,3.96,4,4.65,5.38,4.93,3.17,1.33,1.05,−0.475,1.84,5.09,3.98
Argentina,1.66,1.66,1.64,1.61,1.56,1.53,1.53,1.53,1.54,1.56,1.57,1.58,1.62,1.64,1.61,1.57,1.58,1.6,1.6,1.59,1.6,1.6,1.6,1.59,1.57,1.56,1.55,1.55,1.53,1.49,1.44,1.38,1.35,1.34,1.31,1.26,1.21,1.18,1.15,1.13,1.1,1.07,1.03,1.01,1.03,1.03,0.991,1.01,1.06,1.06,1.06,1.03,0.993,1.03,1.05,0.969,0.881,0.823,0.711,0.485,0.266,0.211,0.287
Armenia,3.36,3.28,3.18,3.07,2.95,2.82,2.69,2.56,2.37,2.11,1.99,2.03,2.07,2.09,2.11,2.68,3.3,3.37,2.16,0.935,0.895,0.883,0.894,1.03,1.11,1.05,1.02,0.796,2.59,3.12,1.73,−1.17,−3.37,−2.6,−1.71,−0.876,−0.995,−1.17,−1.29,1.68,−0.289,−0.374,−0.542,−0.555,−0.586,−0.615,−0.632,−0.655,−0.686,−0.694,−0.557,−0.126,−0.0695,−0.272,−0.306,−0.41,−0.432,−0.35,−0.219,−0.0338,0.027,0.233,0.728
American Samoa,2.61,3.01,3.09,3.17,3.18,3.07,2.97,2.98,2.93,2.44,1.86,1.66,1.56,1.53,1.77,1.92,1.86,1.8,1.71,2.47,3.58,3.87,3.83,3.78,3.74,3.69,3.63,3.6,3.55,3.16,2.63,2.39,2.26,2.15,2.06,1.96,1.87,1.77,1.64,1.07,0.348,0.0158,−0.16,−0.269,−0.354,−0.43,−0.464,−0.509,−0.539,−0.542,−0.605,−0.742,−0.89,−1,−1.11,−1.2,−1.27,−1.32,−1.38,−0.896,−1.08,−1.81,−1.71
Antigua and Barbuda,1.67,1.4,1.39,1.51,1.6,1.54,1.53,1.56,1.6,1.1,0.311,−0.176,−0.423,−0.442,−0.342,−0.121,0.157,0.275,0.368,0.371,0.235,0.185,0.23,−0.0801,−0.45,−0.489,−0.515,−0.506,−0.469,−0.41,0.508,1.59,1.82,1.9,1.99,2.07,2.05,1.89,1.72,1.68,1.53,1.26,1.1,1.07,1.13,1.24,1.36,1.47,1.51,1.35,1.18,1.07,0.917,0.793,0.723,0.624,0.553,0.505,0.481,0.526,0.546,0.53,0.511
Australia,1.99,2.44,1.92,1.96,1.96,2.28,1.26,1.76,2.09,1.97,3.38,1.84,1.53,2.53,1.23,1,1.13,1.16,1.08,1.22,1.56,1.73,1.37,1.2,1.33,1.45,1.52,1.64,1.69,1.48,1.27,1.12,0.89,0.963,1.11,1.21,1.08,0.997,1.09,1.14,1.28,1.14,1.15,1.07,1.22,1.35,1.82,2,2.06,1.56,1.39,1.75,1.72,1.49,1.44,1.56,1.65,1.5,1.48,1.23,0.141,1.27,2.45
Austria,0.548,0.613,0.642,0.667,0.65,0.701,0.747,0.519,0.345,0.349,0.446,0.581,0.554,0.17,−0.265,−0.177,0.0384,−0.081,−0.17,0.00011,0.255,0.0717,−0.162,−0.00629,0.0469,0.0635,0.0633,0.142,0.451,0.762,0.998,1.1,0.825,0.385,0.153,0.135,0.113,0.11,0.195,0.24,0.383,0.492,0.487,0.62,0.681,0.495,0.324,0.313,0.262,0.24,0.337,0.456,0.589,0.782,1.12,1.08,0.695,0.487,0.445,0.415,0.436,0.956,0.989
Azerbaijan,3.81,2.98,2.96,3.34,3,2.88,2.6,2.38,2.29,2.13,2.12,2.03,1.88,1.81,1.68,1.6,1.63,1.69,1.58,1.46,1.57,1.58,1.6,1.66,1.55,1.49,1.54,1.43,1.45,1.38,1.33,1.51,1.52,1.35,1.16,1.01,0.965,0.949,0.878,0.822,0.775,0.746,0.758,0.875,1.02,1.1,1.13,2.1,2.08,1.19,1.3,1.33,1.29,1.25,1.19,1.12,0.981,0.866,0.847,0.684,0.441,0.0395,0.12
Burundi,2.53,2.54,2.11,2.85,2.77,2.41,2.54,2.39,2.17,2.17,2.43,−0.00445,−0.142,2.5,2.48,2.24,2.57,2.89,2.49,4.2,4.07,2.5,2.68,2.42,2.16,1.88,2.28,2.22,1.96,2.09,2.07,2.67,−3.15,0.65,5.99,0.0691,−0.00764,1.91,2.4,2.08,2.51,2.82,3.16,3.73,3.71,3.6,3.7,4.13,5.07,4.68,3.58,3.57,3.59,3.39,2.27,1.72,2.35,3.02,3.28,2.91,2.72,2.71,2.73
Belgium,0.332,0.398,0.748,0.946,0.908,0.675,0.557,0.393,0.283,0.0986,0.182,0.392,0.315,0.315,0.289,0.179,0.123,0.0933,0.0899,0.11,−0.00264,−0.0272,−0.00794,−0.0015,0.0298,0.0357,0.0853,0.318,0.363,0.298,0.372,0.406,0.391,0.308,0.209,0.195,0.242,0.214,0.229,0.243,0.344,0.448,0.419,0.433,0.55,0.66,0.734,0.79,0.805,0.914,1.3,0.62,0.471,0.444,0.579,0.506,0.385,0.455,0.54,0.431,0.412,0.808,0.914
Benin,1.65,1.76,1.84,1.91,1.97,2.02,2.06,2.11,2.16,2.2,2.25,2.3,2.34,2.38,2.43,2.49,2.54,2.59,2.66,2.76,2.84,2.89,2.9,2.92,2.95,2.98,3.01,3.04,3.06,3.07,3.08,3.09,4.44,3.74,2.11,2.62,2.95,3.08,3.09,3.08,3.05,3.04,3.05,3.06,3.22,3.12,2.96,3.02,3,2.98,2.98,2.97,2.95,2.96,2.95,2.92,2.88,2.81,2.74,2.66,2.59,2.55,2.52
Burkina Faso,1.45,1.46,1.49,1.54,1.6,1.64,1.67,1.72,1.73,1.75,1.73,1.72,1.79,1.89,2.02,2.14,2.33,2.49,2.59,2.68,2.73,2.76,2.83,2.89,2.89,2.82,2.74,2.69,2.65,2.63,2.54,2.47,2.49,2.52,2.56,2.56,2.58,2.76,2.93,2.98,3.05,3.09,3.12,3.15,3.15,3.12,3.03,2.94,2.92,2.93,2.96,3.02,3,2.97,2.96,2.93,2.85,2.7,2.53,2.44,2.38,2.31,2.27
Bangladesh,2.82,2.9,2.91,2.92,2.92,2.91,2.94,2.94,2.84,2.59,1.75,1.92,2.86,2.83,2.62,2.54,2.49,2.44,2.41,2.39,2.56,2.74,2.68,2.57,2.46,2.35,2.24,2.13,2.05,1.99,1.91,1.88,1.86,1.85,1.86,1.83,1.85,1.89,1.9,1.83,1.67,1.54,1.46,1.36,1.26,1.16,1.08,0.998,0.932,0.877,0.909,0.958,0.938,0.911,0.894,0.892,0.851,0.821,0.846,0.836,0.815,1.02,1.22
Bulgaria,0.958,0.875,0.81,0.816,0.732,0.655,0.63,0.712,0.769,0.655,0.55,0.465,0.521,0.668,0.483,0.433,0.519,0.112,0.135,0.402,0.333,0.296,0.25,0.234,−0.00147,−0.0265,0.147,0.112,−1.17,−1.8,−0.99,−1.07,−0.798,−0.34,−0.445,−0.516,−0.609,−0.667,−0.561,−0.494,−1.99,−2.17,−0.792,−0.755,−0.753,−0.76,−0.735,−0.702,−0.644,−0.658,−0.641,−0.579,−0.56,−0.568,−0.638,−0.701,−0.73,−0.722,−0.704,−0.6,−0.815,−3.47,−3.01
Bahrain,4.07,3.98,3.91,3.85,3.57,3.27,3.15,2.38,1.42,1.05,2.6,4.81,5.31,5.23,5.15,5.03,4.9,4.75,4.59,4.42,3.97,3.54,3.48,3.54,3.6,3.63,3.65,3.62,3.56,3.45,−2.31,2.63,2.63,2.63,2.63,2.63,2.64,2.63,2.63,2.64,3.65,7.18,7.32,7.46,7.6,7.75,7.89,5.99,6.57,4.17,−2.77,1.16,3.59,4.78,4.15,3.82,5.29,0.131,−1.29,−0.782,2.16,1.34,3.38
Bahamas,4.93,5.02,5,4.66,4.44,4.57,4.66,4.71,4.54,3.86,3.13,2.69,2.39,2.24,2.19,2.17,2.15,2.08,1.98,1.86,1.74,1.68,1.68,1.69,1.71,1.72,1.69,1.71,1.76,1.74,1.72,1.83,1.88,1.76,1.66,1.58,1.5,1.43,1.34,1.31,1.23,1.15,1.2,1.23,1.2,1.29,1.41,1.35,1.3,1.28,1.15,1,0.924,0.879,0.794,0.701,0.624,0.57,0.497,0.301,0.129,0.293,0.477
Bosnia and Herzegovina,2.01,1.76,1.58,1.48,1.4,1.33,1.26,1.16,1.05,0.945,0.953,1.02,1.01,1,0.995,0.974,0.934,0.89,0.856,0.85,0.859,0.878,0.887,0.861,0.808,0.731,0.643,0.549,0.443,0.33,0.218,−5.15,−8.12,−4.69,−0.265,4.21,3.62,1.75,0.996,0.711,0.472,0.205,−0.227,−0.902,−1.08,−0.814,−1.23,−1.66,−1.73,−1.78,−1.84,−1.93,−1.63,−1.28,−1.31,−1.3,−1.28,−1.22,−1.23,−1.39,−1.66,−1.24,−0.618
Belarus,0.889,0.971,1.02,1.03,1,1,1.02,1.01,0.962,0.885,0.833,0.802,0.741,0.649,0.529,0.469,0.551,0.653,0.618,0.614,0.692,0.677,0.683,0.678,0.654,0.679,0.675,0.286,0.295,0.19,0.0461,0.22,0.221,−0.118,−0.324,−0.337,−0.416,−0.45,−0.45,−0.471,−0.513,−0.637,−0.7,−0.682,−0.683,−0.612,−0.459,−0.345,−0.246,−0.219,−0.234,−0.157,−0.0384,0.0561,0.133,0.0877,−0.11,−0.214,−0.202,−0.423,−0.828,−0.804,−0.541
Belize,2.5,2.54,2.73,2.89,2.98,3.04,3.07,3.05,2.86,2.26,1.7,1.51,1.41,1.37,1.7,2.06,2.07,2.06,2.11,2.36,2.53,2.5,2.43,2.37,2.32,2.27,2.23,2.22,2.22,2.19,2.14,2.09,2.03,2.13,2.5,2.97,3.34,3.49,3.44,3.27,3.1,3.03,2.99,2.95,2.92,2.87,2.82,2.75,2.68,2.41,2.18,2.15,2.13,2.11,2.1,2.32,2.3,1.86,1.46,1.28,1.15,1.85,2.06
Bermuda,2.14,2.56,2.46,2.33,2.24,2.24,2,1.78,1.77,1.58,0.922,0.372,0.27,0.208,0.138,0.152,0.21,0.204,0.161,0.291,0.602,0.72,0.715,0.713,0.683,0.614,0.671,0.768,0.756,0.75,0.736,0.727,0.698,0.641,0.559,0.481,0.607,0.765,0.797,0.695,0.514,0.444,0.392,0.271,0.249,0.196,0.28,0.459,0.418,0.251,0.0126,−0.137,−0.113,−0.0708,−0.102,−0.0236,0.203,0.397,0.431,0.428,0.412,0.156,−0.0788
Bolivia,2.04,2.06,2.09,2.11,2.13,2.16,2.19,2.22,2.24,2.24,2.25,2.25,2.25,2.26,2.27,2.29,2.31,2.3,2.28,2.25,2.22,2.18,2.15,2.14,2.12,2.1,2.11,2.12,2.12,2.1,2.08,2.04,1.98,1.94,1.89,1.85,1.81,1.77,1.75,1.72,1.69,1.67,1.68,1.68,1.69,1.7,1.71,1.69,1.67,1.64,1.62,1.6,1.57,1.54,1.52,1.49,1.46,1.43,1.41,1.23,1.02,1.16,1.37
Brazil,3.02,2.98,2.95,2.89,2.82,2.73,2.64,2.56,2.51,2.47,2.45,2.43,2.42,2.4,2.38,2.38,2.39,2.39,2.38,2.36,2.33,2.28,2.23,2.19,2.13,2.06,1.98,1.91,1.84,1.79,1.72,1.67,1.62,1.56,1.54,1.51,1.49,1.49,1.46,1.38,1.3,1.24,1.18,1.13,1.1,1.06,1.01,0.958,0.896,0.841,0.814,0.812,0.811,0.806,0.792,0.762,0.728,0.683,0.652,0.579,0.425,0.36,0.396
Barbados,0.972,0.886,0.987,1.01,1.02,1.06,0.851,0.585,0.363,−0.0228,−0.0878,0.196,0.266,0.182,0.159,0.106,0.0732,−0.0298,−0.112,0.101,0.296,0.327,0.354,0.365,0.352,0.311,0.257,0.188,0.134,0.183,0.305,0.344,0.292,0.227,0.16,0.0935,0.0412,0.0168,0.0309,−0.173,0.138,0.654,0.614,0.571,0.525,0.481,0.475,0.524,0.515,0.408,0.325,0.289,0.262,0.246,0.23,0.218,0.205,0.193,0.177,0.174,0.159,0.0606,0.00638
Brunei,4.61,4.44,4.49,4.6,4.54,4.44,4.34,4.21,4.06,2.77,2.04,3.05,3.58,3.52,3.49,3.44,3.41,3.26,3.12,3.1,3.1,3.17,3.26,3.32,3.37,3.4,3.2,2.97,2.93,2.87,2.82,2.72,2.61,2.54,2.47,2.4,2.34,2.28,2.22,2.17,2.1,2.01,1.9,1.79,1.69,1.59,1.69,1.85,1.88,1.9,1.78,1.53,1.38,1.34,1.3,1.26,1.21,1.16,1.11,1.06,0.96,0.805,0.783
Bhutan,2.87,3,3.12,3.14,3.19,3.25,3.29,3.34,3.38,3.4,3.4,3.4,3.41,3.4,3.41,3.41,3.42,3.41,3.39,3.33,3.28,3.22,3.19,3.16,3.12,3.09,3.05,2.99,2.94,2.7,1.77,−3.74,−4.08,−0.0317,−1.18,0.145,1.79,1.9,2.28,2.42,2.31,2.2,2.1,2,1.73,1.34,1.16,1.13,1.11,1.1,1.1,1.11,1.11,1.08,1.01,0.974,0.861,0.716,0.664,0.675,0.703,0.703,0.698
Botswana,2.26,2.29,2.34,2.38,1.47,0.556,0.529,0.521,0.529,0.555,1.7,3.59,4.71,4.94,4.97,5.16,5.27,6.03,6,3.89,3.41,3.97,3.59,3.52,3.47,3.39,3.26,2.98,2.78,2.75,2.72,2.81,2.86,2.77,2.62,2.44,2.3,2.22,2.16,2.13,2.06,1.88,1.76,1.75,1.79,1.87,1.94,2.01,2.07,2.11,1.97,1.68,1.51,1.45,1.43,1.42,1.42,1.42,1.42,1.44,1.49,1.59,1.64
Central African Republic,1.88,1.91,1.96,2.01,2.06,2.12,2.18,2.25,2.29,2.22,2.07,1.96,1.92,1.93,1.95,1.49,1.03,1.05,1.07,1.1,1.13,1.16,1.19,1.22,1.25,1.27,1.32,1.66,2.55,3.11,3.13,3.18,3.19,3.12,2.73,2.59,2.75,2.71,2.74,2.75,2.22,2.19,2.39,2.16,2.26,2.05,1.93,2.13,−0.659,−0.799,1.59,0.999,0.682,−0.415,0.133,1.81,1.68,1.76,1.34,1.64,1.69,−0.275,1.06
Canada,2,1.86,1.86,1.89,1.81,1.86,1.8,1.61,1.36,1.4,2.95,1.16,1.22,1.4,1.46,1.32,1.17,0.995,0.99,1.29,1.23,1.19,0.988,0.944,0.914,0.994,1.32,1.3,1.79,1.51,1.24,1.18,1.1,1.1,1.03,1.05,0.994,0.83,0.813,0.931,1.09,1.08,0.899,0.932,0.947,1.01,0.971,1.08,1.14,1.11,0.975,1.08,1.05,1,0.76,1.13,1.2,1.43,1.46,1.08,0.554,1.81,2.93
Channel Islands,0.875,1.04,1.13,1.15,1.13,1.11,1.11,1.07,1.03,1.02,1.02,0.966,0.878,0.801,0.692,0.473,0.259,0.196,0.184,0.186,0.471,0.831,0.935,0.98,0.996,0.978,0.963,0.965,1,1.11,0.823,0.321,0.173,0.123,0.0578,0.219,0.445,0.472,0.44,0.376,0.498,0.69,0.717,0.712,0.712,0.708,0.708,0.705,0.703,0.702,0.682,0.662,0.626,0.585,0.446,0.262,0.266,0.383,0.417,0.359,0.304,0.284,0.284
Switzerland,1.98,2.54,2.14,1.65,1.15,1.05,1.24,1.26,1.13,0.722,0.525,0.762,0.738,0.539,−0.0437,−0.572,−0.339,0.00898,0.201,0.397,0.547,0.584,0.429,0.359,0.441,0.52,0.628,0.735,0.809,1.03,1.25,1.1,0.911,0.797,0.668,0.442,0.241,0.297,0.477,0.562,0.633,0.756,0.742,0.687,0.641,0.628,0.894,1.27,1.25,1.04,1.11,1.06,1.15,1.22,1.14,1.09,0.933,0.737,0.713,0.731,0.765,0.83,1.26
Chile,2.08,2.05,2.02,1.97,1.91,1.86,1.8,1.76,1.73,1.69,1.66,1.63,1.62,1.59,1.57,1.55,1.53,1.51,1.48,1.48,1.47,1.46,1.47,1.5,1.52,1.55,1.59,1.62,1.64,1.67,1.66,1.61,1.56,1.51,1.46,1.41,1.34,1.3,1.26,1.2,1.16,1.1,1.05,1.01,0.992,0.976,0.979,0.999,1.01,1,0.987,0.96,0.954,0.997,1.02,1.21,1.58,1.79,1.6,0.896,0.442,0.496,0.54
China,−1.02,0.82,2.46,2.32,2.38,2.79,2.57,2.61,2.74,2.76,2.75,2.46,2.28,2.07,1.77,1.55,1.36,1.34,1.33,1.25,1.28,1.47,1.44,1.31,1.36,1.49,1.6,1.61,1.53,1.47,1.36,1.23,1.15,1.13,1.09,1.05,1.02,0.96,0.866,0.788,0.726,0.67,0.623,0.594,0.588,0.558,0.522,0.512,0.497,0.483,0.546,0.678,0.666,0.63,0.581,0.573,0.605,0.468,0.355,0.238,0.0892,−0.0131,−0.104
Cote d'Ivoire,3.65,3.78,3.85,3.86,3.87,3.87,3.87,3.89,3.97,4.14,4.33,4.48,4.55,4.57,4.56,4.07,3.67,3.77,3.86,3.95,4,4.02,4.01,3.99,3.96,3.91,3.86,3.83,3.87,3.93,3.97,3.99,3.98,3.93,3.9,3.87,3.84,3.77,3.26,2.77,2.68,2.58,2.49,2.42,2.39,2.36,2.33,2.27,2.22,2.2,2.17,2.09,1.99,2.42,2.89,2.9,2.82,2.7,2.62,2.53,2.47,2.52,2.5
Cameroon,1.54,1.88,2.19,2.2,2.24,2.3,2.37,2.45,2.54,2.61,2.67,2.72,2.75,2.78,2.79,2.68,2.58,2.73,2.8,3.25,3.51,2.38,2.05,2.78,2.98,3.01,3.04,2.98,2.93,2.95,2.92,2.87,2.85,2.81,2.75,2.69,2.65,2.65,2.65,2.63,2.63,2.68,2.73,2.75,2.76,2.75,2.81,2.86,2.87,2.86,2.83,2.81,2.81,3.03,3.14,2.99,2.83,2.77,2.78,2.72,2.65,2.63,2.64
"Congo, Dem. Rep.",2.57,2.6,2.65,2.68,2.75,2.85,2.92,2.93,2.89,2.86,2.73,2.65,2.68,2.67,2.65,2.59,2.53,3.1,3.51,3.13,2.91,3,3.17,3.34,3.32,3.15,3.15,3.2,3.16,3.32,3.33,3.38,3.57,4.73,4.15,1.92,1.61,2.72,3.36,3.21,3.17,3.06,2.92,2.94,3.07,3.08,3.03,3.02,3.09,3.19,3.28,3.34,3.4,3.39,3.3,3.54,3.66,3.35,3.17,3.22,3.24,3.22,3.26
"Congo, Rep.",2.58,2.62,2.67,2.72,2.78,2.83,2.87,2.92,2.97,3.01,3.06,3.1,3.13,3.12,2.79,2.44,2.39,2.35,2.29,2.24,2.2,2.15,2.07,2.49,2.95,2.93,2.92,2.9,2.89,2.85,2.84,2.83,2.96,2.96,2.81,2.77,2.14,2.2,2.7,3.83,3.77,2.36,2.8,3.42,3.6,3.74,3.66,3.29,4,4.14,3.25,2.8,2.43,2.42,2.42,2.42,2.43,2.44,2.41,2.39,2.39,2.4,2.42
Colombia,3.09,3.08,3.05,3.01,2.97,2.89,2.81,2.72,2.62,2.53,2.41,2.32,2.29,2.25,2.21,2.18,2.22,2.26,2.24,2.28,2.31,2.31,2.35,2.31,2.16,2.06,2.05,2.05,2.05,2.07,2.01,1.98,2,1.97,1.91,1.82,1.79,1.79,1.74,1.64,1.57,1.54,1.51,1.47,1.4,1.33,1.27,1.2,1.16,1.14,1.07,1,0.949,0.893,0.865,0.991,1.45,1.84,1.79,1.44,1.1,1.07,1.12
Comoros,1.76,1.73,1.69,1.65,1.56,1.7,2.35,2.81,2.89,2.99,3.1,3.21,3.31,3.38,3.4,3.37,3.32,3.23,3.13,2.98,2.82,2.77,2.79,2.79,2.8,2.78,2.75,2.7,2.67,2.62,2.44,2.08,1.83,1.77,1.74,1.72,1.72,1.72,1.78,1.92,2.06,2.12,1.93,1.9,2.04,2.02,1.99,1.99,1.99,1.99,2,2.01,2.11,2.18,2.11,2.05,1.99,1.95,1.92,1.96,1.98,1.94,1.92
Cape Verde,2.38,3.13,3.3,3.27,3.26,3.26,3.28,3.3,3.31,3.05,2.12,1.13,0.835,0.893,1.08,1.17,1.09,1.05,1.05,1.19,1.4,1.48,1.47,1.43,1.41,1.41,1.41,1.4,1.5,2.05,2.41,2.27,2.15,2.03,1.9,1.77,1.68,1.6,1.52,1.51,1.53,1.46,1.35,1.26,1.19,1.15,1.11,1.04,0.95,0.717,0.326,0.0993,0.0527,0.0197,0.0133,0.0312,0.0661,0.102,0.134,0.112,0.382,0.597,0.497
Costa Rica,3.73,3.67,3.58,3.47,3.35,3.22,3.09,2.93,2.81,2.74,2.66,2.6,2.55,2.55,2.57,2.6,2.63,2.66,2.7,2.72,2.72,2.74,2.75,2.75,2.75,2.71,2.64,2.57,2.52,2.53,2.55,2.53,2.5,2.45,2.41,2.34,2.26,2.17,2.07,1.94,1.79,1.65,1.54,1.47,1.45,1.4,1.35,1.36,1.34,1.24,1.18,1.17,1.11,1.07,1.06,1.01,0.944,0.904,0.838,0.693,0.509,0.429,0.466
Cuba,2.04,2.06,2.11,2.11,2.07,2.01,1.92,1.86,1.83,1.8,1.74,1.6,1.43,1.28,1.12,0.961,0.803,0.656,0.528,0.424,0.453,0.641,0.787,0.82,0.83,0.853,0.885,0.936,0.96,0.931,0.804,0.634,0.511,0.414,0.361,0.335,0.327,0.334,0.339,0.333,0.315,0.298,0.286,0.262,0.212,0.142,0.0773,0.0398,0.0262,0.0238,0.0368,0.0142,−0.0443,−0.11,−0.0949,−0.0839,−0.158,−0.184,−0.216,−0.237,−0.486,−0.562,−0.361
Cayman Islands,2.03,2.07,2.13,2.16,2.11,2.1,2.16,2.05,1.93,3.4,5.38,5.83,5.57,5.29,5.01,4.72,4.41,4.04,3.89,4.36,4.72,4.61,4.42,4.28,4.17,4.01,3.87,3.73,3.78,4.42,4.86,4.75,4.63,4.49,4.34,4.19,4.02,3.81,3.62,3.57,3.5,3.41,3.29,3.18,3.12,3.04,2.97,2.9,2.83,2.78,2.75,2.71,2.62,2.53,2.43,2.34,2.25,2.16,2.08,2,2.05,2.09,2
Cyprus,1.53,0.995,0.957,0.864,0.848,0.911,0.936,0.934,0.945,0.971,1.01,1.07,0.735,−0.404,−0.582,0.398,0.763,0.769,0.785,0.812,0.848,1.1,1.53,1.7,1.65,1.6,1.56,1.51,1.45,1.4,1.33,1.42,1.92,2.23,2.11,2.02,1.94,1.87,1.81,1.75,1.72,1.78,1.83,1.81,1.78,1.75,1.72,1.69,1.67,1.65,1.64,1.64,1.57,1.5,1.46,1.43,1.38,1.3,1.25,1.2,1.15,1.06,1.02
Czech Republic,−0.16,0.396,0.477,0.589,0.529,0.425,0.324,0.238,0.205,−0.39,−0.318,0.414,0.552,0.665,0.7,0.667,0.599,0.542,0.489,0.115,−0.035,0.138,0.0875,0.0616,0.0668,0.0494,0.0492,0.0769,0.0559,−0.268,−0.24,0.102,0.104,0.0361,−0.0613,−0.116,−0.108,−0.0947,−0.102,−0.28,−0.376,−0.193,−0.0286,0.0304,0.138,0.271,0.584,0.829,0.57,0.291,0.207,0.14,0.0332,0.105,0.197,0.192,0.266,0.334,0.394,0.243,−1.81,1.57,1.78
Germany,0.77,0.879,0.926,0.805,0.853,0.835,0.457,0.445,0.793,0.333,0.183,0.478,0.315,0.039,−0.373,−0.429,−0.226,−0.087,0.0442,0.207,0.152,−0.0951,−0.262,−0.346,−0.223,0.0458,0.154,0.391,0.773,0.862,0.729,0.76,0.657,0.347,0.294,0.289,0.146,0.0151,0.0646,0.135,0.168,0.168,0.0554,−0.0217,−0.0568,−0.113,−0.134,−0.19,−0.253,−0.153,−1.85,0.188,0.273,0.417,0.866,0.807,0.374,0.301,0.226,0.0817,0.0423,0.721,−0.62
Djibouti,3.84,4.26,4.8,5.3,5.55,5.51,5.39,5.28,5.92,6.47,6.64,6.92,7.08,7.64,8.6,9.46,9.85,9.52,8.38,6.76,5.15,3.95,3.49,3.85,4.74,5.71,6.37,6.42,7.71,10.2,8.52,−0.809,−1.9,2.01,1.01,2.38,3.56,4.02,3.49,3.14,3.16,3.1,2.23,1.54,1.57,1.96,2.17,2.06,2.08,2.03,1.95,1.9,1.85,1.8,1.74,1.69,1.64,1.6,1.56,1.5,1.44,1.4,1.38
Dominica,1.4,1.22,1.29,1.36,1.46,1.57,1.66,1.73,1.79,1.42,0.901,0.756,0.747,0.714,0.672,0.623,0.539,0.438,0.323,0.17,−0.133,−0.409,−0.445,−0.428,−0.434,−0.472,−0.538,−0.586,−0.646,−0.753,−0.477,0.0418,0.156,0.0634,−0.0115,−0.085,−0.16,−0.253,−0.368,−0.523,−0.326,0.116,0.24,0.172,0.124,0.105,0.0596,0.0102,0.0145,−0.00726,0.281,0.0941,0.86,0.939,0.0526,−1.15,−1.61,−0.471,−0.432,−0.453,−0.551,−0.561,−0.474
Denmark,0.698,0.778,0.788,0.799,0.779,0.803,0.788,0.609,0.553,0.751,0.695,0.572,0.604,0.466,0.288,0.251,0.311,0.311,0.246,0.122,−0.0284,−0.0735,−0.0687,−0.0524,0.0405,0.134,0.127,0.0486,0.06,0.162,0.26,0.331,0.333,0.338,0.521,0.566,0.416,0.363,0.331,0.334,0.358,0.319,0.272,0.258,0.275,0.329,0.443,0.588,0.535,0.444,0.412,0.376,0.417,0.507,0.706,0.78,0.643,0.496,0.358,0.292,0.433,0.787,0.741
Dominican Republic,3.16,3.11,3.07,3.03,2.94,2.92,2.94,2.89,2.84,2.82,2.8,2.78,2.76,2.72,2.66,2.61,2.57,2.53,2.5,2.46,2.4,2.34,2.31,2.28,2.22,2.17,2.13,2.11,2.12,2.1,2.06,2,1.96,1.92,1.87,1.82,1.74,1.65,1.62,1.62,1.57,1.5,1.44,1.37,1.31,1.25,1.22,1.23,1.27,1.28,1.27,1.25,1.22,1.19,1.15,1.11,1.09,1.07,1.03,1.04,1.04,0.96,0.891
Algeria,1.77,1.47,1.53,1.64,1.52,1.8,2.25,2.28,2.28,2.26,2.26,2.3,2.36,2.42,3.54,4.55,3.63,2.84,2.98,3.11,3.24,3.33,3.39,3.41,3.4,3.29,3.02,2.8,2.64,2.48,2.38,2.44,2.41,2.21,2.07,1.96,1.86,1.59,1.39,1.4,1.37,1.33,1.33,1.4,1.46,1.54,1.67,1.82,1.92,1.95,1.96,1.99,2.02,2.04,2.06,2.06,2.03,1.94,1.84,1.71,1.62,1.59,1.5
Ecuador,2.82,2.86,2.89,2.92,2.95,2.97,2.98,2.99,2.98,2.97,2.96,2.94,2.91,2.88,2.85,2.81,2.77,2.74,2.71,2.69,2.67,2.64,2.63,2.62,2.57,2.49,2.41,2.34,2.28,2.24,2.16,2.11,2.03,1.93,1.9,1.88,1.85,1.81,1.78,1.74,1.73,1.75,1.76,1.75,1.73,1.72,1.71,1.71,1.71,1.68,1.64,1.59,1.5,1.43,1.43,1.46,1.53,1.72,1.69,1.18,0.774,0.797,0.872
Egypt,2.59,2.63,2.63,2.6,2.55,2.51,2.48,2.46,2.43,2.37,2.31,2.3,2.3,2.31,2.36,2.34,2.37,2.45,2.5,2.61,2.69,2.75,2.93,3.01,2.98,2.86,2.77,2.78,2.72,2.93,2.76,2.39,2.31,2.15,2.1,2.07,2.07,2.18,2.23,2.16,2.12,2.1,2.1,2.06,2.02,1.95,1.89,1.87,1.89,1.92,2.1,2.24,2.31,2.28,2.1,2.03,2,1.9,1.75,1.62,1.49,1.49,1.69
Eritrea,2.34,2.4,2.45,2.48,2.49,2.39,2.4,2.52,2.53,2.56,2.6,2.56,2.52,2.43,2.34,2.5,2.65,2.65,2.65,2.68,2.71,2.72,2.37,2.03,2.02,2.04,2.33,2.59,2.48,2.27,−5.73,−6.5,3.13,3.07,5.66,4.97,1.11,1.31,1.47,1.54,2.85,3.44,4.13,4.1,2.39,1.58,1.46,2.63,2.51,1.96,1.79,1.28,1.22,0.675,0.335,0.615,0.818,1.34,1.47,1.56,1.77,1.75,1.77
Spain,0.929,0.92,0.877,0.994,1.09,1.02,1.23,1.31,0.985,1.11,1.21,1.1,1.1,1.09,1.08,1.06,1.03,0.963,0.882,0.803,0.711,0.6,0.487,0.415,0.362,0.299,0.259,0.212,0.157,0.102,0.255,0.49,0.519,0.476,0.441,0.417,0.419,0.414,0.405,0.447,0.694,1.41,1.81,1.73,1.69,1.69,1.85,1.6,0.886,0.46,0.355,0.0649,−0.328,−0.299,−0.0776,0.0844,0.235,0.438,0.718,0.488,0.106,0.721,1.23
Estonia,1.11,1.34,1.38,1.44,1.36,1.08,0.788,0.926,1.05,1.1,1.23,1.12,0.96,0.865,0.785,0.713,0.736,0.686,0.556,0.603,0.705,0.72,0.687,0.652,0.667,0.744,0.778,0.622,0.398,0.0665,−0.502,−1.82,−2.57,−2.14,−1.79,−1.48,−1.14,−0.961,0.294,0.484,−0.637,−0.633,−0.628,−0.598,−0.572,−0.59,−0.456,−0.268,−0.193,−0.228,−0.304,−0.358,−0.356,−0.262,0.0655,0.0291,0.121,0.348,0.372,0.198,0.106,1.34,1.58
Ethiopia,2.45,2.52,2.58,2.63,2.69,2.61,2.64,2.76,2.75,2.76,2.73,2.67,2.66,2.59,2.44,2.52,1.93,1.7,1.48,0.553,2.51,3.88,2.79,2.6,2.82,2.96,3.41,3.9,3.84,3.7,4.33,4.21,3.52,3.48,3.4,3.3,3.21,3.14,3.12,3.07,3.03,3.04,3.02,2.99,2.97,2.94,2.93,2.89,2.84,2.84,2.84,2.8,2.72,2.68,2.68,2.71,2.73,2.7,2.69,2.71,2.67,2.62,2.6
Finland,0.706,0.68,0.707,0.556,0.333,0.375,0.542,0.449,−0.058,−0.379,0.126,0.595,0.568,0.524,0.444,0.301,0.28,0.287,0.256,0.311,0.427,0.56,0.596,0.534,0.417,0.325,0.284,0.291,0.361,0.443,0.546,0.562,0.484,0.431,0.382,0.328,0.297,0.265,0.232,0.208,0.228,0.242,0.238,0.29,0.342,0.384,0.425,0.466,0.478,0.457,0.464,0.476,0.461,0.414,0.329,0.287,0.235,0.133,0.11,0.144,0.207,0.272,0.499
Fiji,3.05,3.1,3.14,3.11,3.06,2.9,2.51,2.21,2.09,1.98,1.85,1.72,1.57,1.47,1.47,1.66,2.07,2.36,2.38,2.38,2.39,2.4,2.41,2.42,2.38,2.13,1.51,1.08,1,0.909,0.817,0.727,0.638,0.555,0.499,0.629,1.03,1.24,1.16,1.09,1.03,0.99,0.955,0.928,0.912,0.901,0.835,0.618,0.424,0.35,0.282,0.211,0.157,0.134,0.108,0.064,−0.0443,−0.172,−0.249,0.007,0.191,0.295,0.512
France,1.03,1,1,1.07,0.959,0.866,0.814,0.766,0.824,0.91,0.942,0.878,0.808,0.662,0.476,0.424,0.467,0.453,0.448,0.534,0.594,0.365,0.539,0.488,0.5,0.511,0.543,0.578,0.597,0.547,0.502,0.498,0.435,0.375,0.364,0.357,0.357,0.371,0.516,0.686,0.729,0.727,0.706,0.733,0.752,0.696,0.618,0.558,0.513,0.493,0.483,0.484,0.517,0.475,0.356,0.264,0.29,0.358,0.333,0.325,0.357,0.327,0.326
Faeroe Islands,1.25,1.17,1.22,1.28,1.39,1.28,1.04,0.958,0.92,0.95,1.13,1.2,1.18,1.18,1.15,1.11,1.09,1.2,1.31,1.29,1.28,1.24,1.12,1.05,1.25,0.923,1.23,1.39,1.27,−0.456,−0.618,−0.336,−1.74,−3.9,−2.46,−0.0688,1.26,1.22,1.05,1.34,1.91,1.49,1.46,0.73,−0.0517,−0.0496,0.0889,0.349,0.501,−0.275,−0.235,−0.52,−0.0932,0.377,0.972,1.14,1.44,1.61,1.55,1.49,1.41,1.19,0.978
"Micronesia, Fed. Sts.",3.53,3.54,3.25,2.97,3.01,3.06,2.99,2.95,3,3.06,2.87,2.67,2.71,2.72,2.52,2.38,2.44,2.79,3.11,3.09,3.04,2.99,2.95,2.9,2.86,2.81,2.76,2.35,1.94,1.89,1.83,1.98,2.13,1.86,1.05,0.435,0.326,0.275,0.272,0.325,0.286,0.0738,−0.145,−0.321,−0.459,−0.615,−0.77,−0.863,−0.903,−0.387,0.147,0.178,0.214,0.254,0.295,0.33,0.372,0.39,0.339,0.573,0.636,0.438,0.459
Gabon,1.15,1.22,1.29,1.35,1.41,1.48,1.55,1.61,1.91,2.13,2.08,2.05,2.08,2.14,2.21,2.3,2.39,2.46,2.52,2.57,2.64,2.68,2.71,2.74,2.75,2.76,2.77,2.78,2.77,2.74,2.72,2.69,2.66,2.62,2.57,2.53,2.52,2.53,2.55,2.59,2.63,2.68,2.73,2.8,2.9,3.02,3.13,3.22,3.33,3.45,3.55,3.58,3.52,3.36,3.11,2.86,2.66,2.54,2.47,2.39,2.31,2.25,2.2
Isle of Man,−0.857,0.488,0.946,0.96,0.933,1.31,1.94,2.2,2.21,2.24,2.02,1.65,1.54,1.5,1.38,1.31,1.33,1.34,1.34,1.31,0.808,0.139,−0.0866,−0.158,−0.197,0.455,1.38,1.64,1.65,1.65,1.29,0.778,0.594,0.558,0.484,0.744,1.19,1.3,1.25,1.16,1.07,1.04,0.997,0.947,0.915,0.974,1.06,1.08,1.1,1.12,0.605,−0.0557,−0.23,−0.296,−0.357,−0.152,0.171,0.234,0.181,0.127,0.05,0.0309,0.0392
UK,0.76,0.849,0.748,0.65,0.642,0.551,0.539,0.487,0.416,0.399,0.418,0.339,0.193,0.0631,−0.00742,−0.0246,−0.0329,0.00536,0.0897,0.12,0.0348,−0.0358,0.0341,0.158,0.227,0.232,0.213,0.222,0.26,0.299,0.309,0.27,0.24,0.255,0.265,0.255,0.258,0.291,0.333,0.357,0.385,0.423,0.466,0.569,0.687,0.735,0.779,0.787,0.756,0.784,0.782,0.695,0.67,0.736,0.792,0.758,0.679,0.606,0.564,0.366,−0.0819,1.13,0.821
Georgia,1.58,1.52,1.47,1.41,1.32,1.14,0.981,0.907,0.936,0.966,1.04,1.01,0.881,0.868,0.738,0.721,0.682,0.584,0.736,0.843,0.82,0.847,0.879,0.854,0.877,0.888,0.826,0.99,0.263,−0.0271,0.703,0.775,0.769,−1.54,−3.76,−3.63,−3.21,−2.47,−2.06,−1.94,−1.55,−0.897,−0.675,−0.619,−0.635,−0.568,−0.522,−0.304,−0.888,−0.729,−0.802,−0.737,−0.301,0.0469,0.157,0.0598,0.0134,−0.039,−0.172,0.0687,−0.38,0.105,0.0803
Ghana,2.85,2.41,2.39,2.38,2.4,2.41,2.42,2.43,2.5,2.67,2.77,2.81,2.89,2.9,2.9,2.88,2.95,3.04,3.05,2.92,2.81,2.91,3.01,2.58,2.15,2.2,2.29,2.4,2.5,2.55,2.52,2.49,2.47,2.4,2.36,2.34,2.38,2.43,2.44,2.51,2.66,2.75,2.7,2.65,2.62,2.6,2.58,2.54,2.5,2.43,2.4,2.42,2.41,2.36,2.31,2.28,2.2,2.08,2.01,1.99,1.96,1.92,1.91
Gibraltar,0.151,1.47,2.47,2.44,2.39,2.34,2.31,2.23,2.1,1.95,1.44,0.994,0.901,0.789,0.704,0.653,0.588,0.515,0.452,0.349,0.226,0.0869,−0.111,−0.314,−0.458,−0.647,−0.822,−0.919,−1.07,−1.26,−1.12,−0.0744,0.712,0.622,0.505,0.401,0.345,0.246,0.152,0.0614,−0.188,0.627,1.58,1.55,1.55,1.47,1.38,1.35,1.34,1.37,1.31,1.16,1.17,1.25,1.15,1.39,1.73,1.76,1.82,1.89,1.88,2.02,2.27
Guinea,1.75,1.77,1.79,1.82,1.84,1.87,1.9,1.92,1.92,1.87,1.8,1.73,1.68,1.63,1.59,1.56,1.56,1.59,1.66,1.76,1.88,2.01,2.11,2.22,2.35,2.47,2.57,2.62,2.6,3.46,4,3.19,3.05,3,2.79,2.83,2.06,1.88,2.24,1.96,1.31,1.56,2.24,2.14,2,2.09,2.31,2.42,2.44,2.46,2.48,2.45,2.44,2.48,2.53,2.57,2.56,2.54,2.56,2.55,2.51,2.48,2.46
Gambia,2.69,2.71,2.72,2.73,2.73,2.72,2.75,2.8,2.82,2.84,2.87,2.92,2.95,2.94,2.97,3.06,3.16,3.25,3.34,3.44,3.47,3.54,3.69,3.84,3.95,4.01,4.06,4.11,4.16,4.2,4.2,4.06,3.67,3.22,2.98,2.89,2.84,2.81,2.78,2.74,2.71,2.68,2.69,2.73,2.78,2.85,2.9,2.91,2.9,2.91,2.92,2.95,2.93,2.84,2.73,2.63,2.53,2.42,2.36,2.37,2.37,2.32,2.3
Guinea-Bissau,0.845,1.18,0.835,−0.993,−2.33,−1.42,0.37,1.6,0.593,0.479,0.311,0.068,1.05,3.4,5.95,6.43,6.63,6.51,3.5,1.14,1.57,1.59,1.59,1.59,1.59,1.59,1.6,1.63,1.66,1.64,2.13,2.94,3.3,3.1,2.52,2.08,1.91,1.86,1.9,2.01,2.13,2.2,2.26,2.31,2.35,2.41,2.49,2.52,2.54,2.58,2.63,2.66,2.66,2.63,2.57,2.51,2.44,2.37,2.34,2.29,2.24,2.24,2.25
Equatorial Guinea,1.87,1.94,2.01,2.07,2.13,2.2,2.25,2.23,1.14,−0.533,−1.53,−2.07,−2.35,−2.45,−2.42,−2.42,−1.52,−0.0896,1.19,3.1,4.94,6.07,6.37,6.07,5.5,4.86,4.3,3.97,3.83,3.75,3.71,3.7,3.7,3.72,3.77,3.82,3.87,3.91,3.93,5.26,6.41,6.22,6.07,5.96,5.14,4.44,4.51,4.57,4.61,4.6,4.34,4.07,4,3.91,3.79,3.66,3.53,3.4,3.27,2.73,2.44,2.51,2.41
Greece,0.793,0.596,0.371,0.363,0.468,0.738,0.814,0.651,0.365,0.228,0.434,0.65,0.454,0.368,0.939,1.55,1.3,1.3,1.25,0.982,0.897,0.616,0.582,0.498,0.388,0.331,0.334,0.363,0.522,1.06,1.2,0.764,0.588,0.501,0.467,0.441,0.493,0.554,0.383,0.409,0.52,0.367,0.239,0.247,0.293,0.3,0.255,0.265,0.263,0.129,−0.148,−0.541,−0.725,−0.666,−0.659,−0.416,−0.198,−0.203,−0.105,−0.215,−1.22,−1.26,−0.3
Grenada,1.35,1.08,0.847,0.58,0.314,0.0551,−0.0561,0.0122,0.128,0.214,0.237,0.131,−0.0689,−0.226,−0.366,−0.505,−0.632,−0.737,−0.85,−1,−0.515,0.351,0.597,0.578,0.64,0.704,0.758,0.799,0.824,0.84,0.833,0.799,0.765,0.736,0.706,0.686,0.676,0.678,0.675,0.676,0.498,0.385,0.442,0.402,0.375,0.365,0.351,0.338,0.322,0.298,0.441,0.619,0.629,0.567,0.476,0.395,0.267,0.219,0.25,0.31,0.298,0.193,0.144
Greenland,3.63,3.79,3.92,3.24,4.17,3.26,3.4,3.52,3.4,3.29,1.71,2.3,1.44,1.02,0.202,0.201,−0.605,−0.406,0.81,1.2,1.58,0.976,1.16,1.15,0.944,0.562,1.12,1.29,0.908,0.541,−0.18,−0.361,−0.181,0.542,0.539,0.179,0.179,0.178,0,0.178,0.267,0.459,0.275,0.257,0.0422,−0.283,−0.386,−0.402,−0.00888,1.03,−0.0264,−0.141,−0.577,−0.333,−0.322,0.128,−0.0249,−0.266,0.36,0.252,0.506,0.0141,0.359
Guatemala,2.97,2.96,2.93,2.9,2.89,2.85,2.81,2.76,2.68,2.63,2.59,2.58,2.58,2.53,2.44,2.16,2.2,2.47,2.5,2.53,2.51,2.3,2.45,2.8,2.83,2.78,2.76,2.8,2.81,2.8,2.71,2.66,2.67,2.66,2.65,2.59,2.56,2.56,2.52,2.38,2.3,2.29,2.25,2.22,2.16,2.12,2.11,2.05,1.99,1.98,1.99,1.99,1.95,1.9,1.83,1.84,1.82,1.67,1.52,1.47,1.38,1.41,1.54
Guam,2.54,2.6,2.57,2.52,2.47,2.39,2.29,2.2,2.15,2.24,2.35,2.35,2.31,2.25,2.16,2.11,2.09,2.04,2.08,2.3,2.48,2.46,2.39,2.33,2.29,2.27,2.25,2.24,2.23,2.05,1.76,1.63,1.56,1.51,1.47,1.4,1.34,1.3,1.3,1.12,0.787,0.609,0.505,0.412,0.338,0.288,0.259,0.257,0.289,0.21,0.0126,−0.127,−0.22,−0.29,−0.352,−0.408,−0.453,−0.497,−0.537,0.216,0.965,0.882,0.8
Guyana,2.33,2.19,2.17,2.15,2.13,2.11,2.08,2.07,2.06,1.79,1.41,1.25,1.17,1.08,0.989,0.916,0.847,0.779,0.714,0.557,0.269,0.0333,−0.106,−0.23,−0.341,−0.439,−0.519,−0.585,−0.634,−0.661,−0.271,0.274,0.406,0.379,0.339,0.282,0.226,0.176,0.117,0.0456,−0.0464,−0.108,−0.0722,−0.0895,−0.197,−0.256,−0.278,−0.298,−0.333,−0.378,−0.415,0.0181,0.499,0.559,0.602,0.626,0.644,2.96,2.01,−0.0228,0.986,0.752,0.572
"Hong Kong, China",1.7,4.24,3.44,2.42,2.63,0.885,2.53,2.12,1.6,2.43,2.16,1.92,2.82,3.16,1.9,1.26,1.44,1.81,5.47,2.67,2.35,1.55,1.52,0.983,1.07,1.25,1.01,0.84,1.04,0.321,0.829,0.84,1.72,2.25,1.98,4.44,0.833,0.835,0.955,0.882,0.737,0.443,−0.197,0.78,0.437,0.642,0.86,0.598,0.215,0.734,0.673,1.1,0.402,0.702,0.851,0.619,0.769,0.8,0.739,−0.359,−0.912,−0.908,2.55
Honduras,2.83,2.83,2.84,2.85,2.87,2.89,2.9,2.91,2.93,2.97,3,3.04,3.01,2.89,2.97,3.12,3.11,3.09,3.08,3.06,3.03,3,2.97,2.94,2.9,2.86,2.84,2.82,2.81,2.82,2.84,2.84,2.84,2.84,2.83,2.82,2.8,2.65,2.63,2.73,2.7,2.64,2.57,2.49,2.43,2.36,2.3,2.24,2.19,2.13,2.07,2.02,1.98,1.94,1.9,1.88,1.85,1.83,1.81,1.75,1.67,1.68,1.71
Croatia,0.653,0.703,0.688,0.642,0.657,0.693,0.647,0.619,0.591,0.472,0.43,0.434,0.439,0.458,0.476,0.527,0.52,0.471,0.298,0.109,0.255,0.492,0.517,0.472,0.45,0.425,0.387,0.326,0.253,0.212,−1.87,−2.44,0.537,1.11,−0.69,−1.37,−0.488,−0.0614,−0.432,−0.986,−3.85,0.0589,0.0285,0.0279,0.129,0.0235,−0.0219,−0.0119,−0.105,−0.227,−0.345,−0.474,−0.623,−0.766,−1.19,−1.09,−1.61,−1.31,−0.992,−0.895,−0.904,−0.604,0.105
Haiti,1.81,1.83,1.77,1.78,1.85,1.85,1.85,1.86,1.86,1.87,1.88,1.9,1.91,1.92,1.93,1.93,1.93,1.93,1.93,1.92,1.93,1.94,1.95,1.97,1.98,2,2.02,2.04,2.06,2.06,2.04,2,1.96,1.93,1.91,1.9,1.89,1.86,1.85,1.85,1.82,1.78,1.75,1.7,1.68,1.7,1.69,1.67,1.65,1.17,1.13,1.55,1.5,1.47,1.44,1.4,1.36,1.33,1.29,1.24,1.16,1.13,1.16
Hungary,0.453,0.323,0.26,0.316,0.277,0.302,0.372,0.383,0.417,0.38,0.286,0.298,0.322,0.446,0.588,0.55,0.465,0.345,0.181,0.0651,0.00678,−0.059,−0.15,−0.2,−0.182,−0.171,−0.168,−0.153,−1.09,−1.03,−0.00567,−0.0391,−0.114,−0.137,−0.139,−0.172,−0.201,−0.233,−0.283,−0.26,−0.229,−0.285,−0.286,−0.221,−0.199,−0.156,−0.155,−0.175,−0.155,−0.226,−0.283,−0.516,−0.275,−0.269,−0.238,−0.295,−0.266,−0.127,−0.0453,−0.215,−0.414,−0.677,−0.543
Indonesia,2.79,2.81,2.83,2.86,2.53,2.37,2.6,2.71,2.76,2.75,2.71,2.66,2.63,2.57,2.53,2.49,2.46,2.44,2.42,2.39,2.35,2.31,2.28,2.23,2.14,2.02,1.94,1.91,1.87,1.81,1.77,1.73,1.7,1.69,1.66,1.65,1.63,1.58,1.5,1.43,1.39,1.36,1.32,1.27,1.28,1.33,1.32,1.3,1.27,1.26,1.28,1.29,1.24,1.18,1.12,1.07,1.02,0.97,0.936,0.85,0.705,0.746,0.843
India,2.4,2.37,2.35,2.34,2.25,2.14,2.15,2.15,2.11,2.22,2.22,2.2,2.25,2.3,2.36,2.35,2.36,2.3,2.33,2.38,2.35,2.33,2.34,2.35,2.33,2.31,2.28,2.25,2.23,2.21,2.17,2.13,2.1,2.04,2.01,2,1.97,1.94,1.9,1.88,1.87,1.81,1.73,1.7,1.63,1.56,1.51,1.44,1.45,1.45,1.42,1.37,1.33,1.26,1.19,1.19,1.16,1.1,1.04,0.973,0.823,0.79,0.883
Ireland,−0.149,0.412,0.584,0.486,0.374,0.399,0.471,0.45,0.585,0.835,1.17,1.49,1.6,1.66,1.65,1.51,1.35,1.42,1.33,1.15,1.17,0.945,0.709,0.62,0.16,0.0454,0.0104,−0.428,−0.396,0.0844,0.575,0.682,0.5,0.394,0.513,0.791,1,1.04,1.13,1.33,1.59,1.69,1.63,1.83,2.18,2.7,2.89,2.04,1.02,0.545,0.436,0.424,0.527,0.731,0.945,1.13,1.09,1.24,1.37,1.03,0.954,2.6,2.71
Iran,3.01,3.04,3.07,3.11,3.14,3.12,3.05,2.99,3,3.04,2.99,2.93,2.93,2.96,3.02,3.01,3.1,3.27,3.44,3.62,5.25,5.29,3.89,3.76,3.67,3.69,3.58,3.23,2.92,2.91,2.72,1.98,0.357,0.19,1.11,1.08,1.2,1.37,1.42,1.48,1.54,0.826,1.11,2.14,2.21,2.15,1.64,1.21,1.24,1.25,1.24,1.25,1.31,1.34,1.36,1.43,1.44,1.28,1.08,0.769,0.831,1.2,1.2
Iraq,2.43,3,3.37,3.36,3.38,3.39,3.4,3.43,3.44,3.47,3.45,3.44,3.45,3.39,3.31,3.27,3.33,3.37,3.22,3.15,3,2.81,2.97,3.12,2.41,2.46,2.74,2.32,2.66,1.24,1.05,2.96,4.8,4.77,3.35,3.19,3.09,3.14,3.23,3.28,3.12,3.16,3.02,2.85,2.96,0.733,−0.789,2.02,3.68,3.23,3.53,4.54,4.72,3.53,2.73,2.39,2.23,2.33,2.28,2.22,2.24,2.29,2.25
Iceland,1.95,1.85,1.78,1.78,1.73,1.69,1.61,1.37,0.929,0.524,0.809,1.46,1.51,1.35,1.28,0.993,0.744,0.781,0.978,1.06,1.14,1.34,1.32,1.06,0.788,0.733,1.1,1.57,1.24,0.778,1.16,1.26,1.02,0.867,0.542,0.54,0.819,1.07,1.21,1.37,1.33,0.893,0.693,0.878,1.58,2.35,2.53,1.86,0.341,−0.144,0.305,0.532,0.946,1.11,1.04,1.39,2.35,2.68,2.2,1.62,1.64,2.51,2.93
Israel,3.3,4.82,3.68,3.96,3.49,2.54,4.32,2.09,2.61,3.32,3.14,2.54,4.05,2.98,2.28,2.23,2.24,2.11,2.57,2.4,1.99,1.88,1.82,1.31,1.76,1.55,1.62,1.66,1.7,3.09,6.02,3.46,2.66,2.59,2.67,2.62,2.5,2.29,2.55,2.64,2.36,2.01,1.81,1.77,1.76,1.77,1.78,1.78,2.39,1.83,1.85,1.85,1.87,1.92,1.98,1.96,1.94,1.93,1.91,1.76,1.68,1.97,2.06
Italy,0.668,0.677,0.73,0.823,0.842,0.777,0.724,0.632,0.566,0.529,0.466,0.568,0.678,0.654,0.597,0.499,0.425,0.356,0.289,0.206,0.12,0.0741,0.0363,0.0223,0.0289,0.00545,0.0102,0.0483,0.075,0.0837,0.0692,0.0679,0.0611,0.0204,0.00159,0.0281,0.0529,0.0288,0.0168,0.0453,0.0562,0.149,0.445,0.647,0.491,0.301,0.505,0.662,0.456,0.308,0.172,0.27,1.16,0.917,−0.0964,−0.17,−0.15,−0.19,−1.15,−0.487,−0.516,−0.202,−0.0342
Jamaica,1.4,1.4,1.41,1.41,1.34,1.25,1.19,1.15,1.16,1.24,1.35,1.45,1.52,1.5,1.4,1.31,1.22,1.16,1.17,1.23,1.3,1.37,1.39,1.32,1.15,0.933,0.762,0.683,0.686,0.758,0.878,0.988,1.03,1.03,1,0.968,0.922,0.855,0.778,0.694,0.634,0.614,0.606,0.586,0.554,0.516,0.474,0.435,0.416,0.422,0.433,0.431,0.405,0.361,0.314,0.263,0.208,0.154,0.112,0.264,0.245,0.0515,0.0226
Jordan,5.04,4.68,4.59,5.04,5.98,6.93,7.58,7.67,7.08,6.06,4.98,4.13,3.64,3.38,3.2,3.07,3.06,3.15,3.32,3.66,4.01,4.27,4.45,4.52,4.57,4.61,4.63,4.66,4.79,7.82,7.79,5.29,5.2,4.79,4.1,3.32,2.69,2.31,2.15,2.07,2.06,2.11,2.21,2.41,2.48,6.39,6.04,2.35,2.15,2.15,2.48,1.42,5.2,9.54,8.22,4.72,2.25,2.2,1.98,1.8,1.83,1.7,1.61
Japan,0.896,0.929,1.01,1.04,1.08,0.914,1.03,1.13,1.19,1.15,2.19,1.4,1.41,1.33,1.27,1.07,0.968,0.91,0.847,0.788,0.728,0.694,0.696,0.648,0.626,0.532,0.482,0.416,0.4,0.332,0.393,0.371,0.324,0.279,0.235,0.227,0.238,0.272,0.183,0.167,0.241,0.233,0.214,0.0337,0.00939,0.0634,0.115,0.0484,−0.0125,0.018,−0.185,−0.16,−0.144,−0.133,−0.106,−0.0511,−0.0819,−0.127,−0.14,−0.294,−0.46,−0.444,−0.487
Kazakhstan,3.26,3.2,3.12,2.97,2.79,2.66,2.58,2.51,2.31,2.14,2.12,2.08,1.96,1.85,1.81,2.15,2.5,2.47,1.8,1.16,1.12,1.1,1.11,1.14,1.17,1.43,1.62,1.52,1.28,0.92,0.723,0.312,−0.336,−1.34,−1.85,−1.9,−2.3,−2.5,−1.23,0.292,0.479,0.52,0.578,0.651,0.741,0.846,0.949,1.04,1.17,1.3,1.35,1.4,1.44,1.47,1.49,1.53,1.56,1.49,1.45,1.41,1.33,1.46,1.46
Kenya,3.73,3.83,3.88,3.93,3.98,3.99,3.97,3.95,3.92,3.85,3.63,3.48,3.45,3.39,3.32,3.25,3.32,3.44,3.47,3.54,3.58,3.58,3.65,3.68,3.64,3.58,3.53,3.53,3.51,3.44,3.24,3.06,2.97,2.9,2.84,2.75,2.73,2.76,2.88,3.01,3.14,3.15,3.09,3.1,3.07,3.05,3.02,3.03,3.02,2.9,2.75,2.61,2.47,2.34,2.23,2.21,2.17,2.03,1.96,1.96,1.9,1.92,1.98
Kyrgyz Republic,3.78,3.38,3.38,3.32,3.08,3.14,3.01,2.95,2.68,2.22,2.09,2.16,2.1,2.2,2.1,1.99,1.92,1.83,1.84,1.82,1.87,1.97,2.08,2.01,1.87,1.89,1.9,1.76,2.09,1.93,1.64,1.15,0.0305,−0.0378,1,1.48,1.46,1.53,1.49,1.19,0.949,0.919,1.05,1.21,1.13,1.07,0.954,0.951,1.32,1.43,1.44,1.88,2.19,2.2,2.25,2.22,2.1,2.15,2.24,2.05,1.84,1.79,1.77
Cambodia,2.2,2.24,2.18,2.09,2.1,2.1,2.1,2.1,2.1,0.52,−0.276,0.797,0.982,0.644,−3.02,−7.02,−7.91,−8.4,−2.39,2.16,1.61,2.83,3.61,3.64,3.34,3.92,4.24,3.8,3.77,4.17,4.14,5.4,6.02,6.98,8.1,7.52,6.88,4.12,1.71,1.59,1.56,1.54,1.51,1.47,1.46,1.48,1.48,1.52,1.58,1.56,1.52,1.5,1.5,1.48,1.46,1.46,1.38,1.24,1.26,1.47,1.48,1.33,1.28
Kiribati,2.44,2.48,2.5,2.52,2.56,1.83,1.04,0.965,1.49,2.02,1.97,1.9,1.73,0.647,−0.38,−0.536,−0.652,−0.671,0.513,1.61,1.58,1.62,1.63,1.64,1.93,2.32,2.43,2.4,2.38,2.31,2,1.65,1.53,1.49,1.5,1.7,1.83,1.78,1.7,1.69,1.92,2.11,2.05,2.01,2.01,2,2.03,2.09,2.13,2.08,1.77,1.47,1.37,1.3,1.28,1.41,1.51,1.49,1.49,1.74,1.79,1.62,1.57
St. Kitts and Nevis,−0.857,−1.59,−1.89,−2.11,−2.29,−2.46,−2.63,−2.84,−3.26,−2.49,−0.901,−0.392,−0.348,−0.324,−0.302,−0.285,−0.286,−0.326,−0.427,−0.426,−0.355,−0.39,−0.467,−0.523,−0.569,−0.613,−0.651,−0.694,−0.743,−0.803,−0.183,0.881,1.29,1.29,1.31,1.29,1.28,1.3,1.36,1.44,1.13,0.564,0.338,0.301,0.263,0.284,0.294,0.276,0.173,−0.149,0.0853,0.313,0.0765,0.0425,−0.00425,−0.0255,−0.0531,−0.0893,−0.119,−0.175,−0.229,−0.116,0.105
South Korea,2.97,2.86,2.78,2.62,2.54,2.51,2.34,2.32,2.26,2.18,1.97,1.88,1.77,1.71,1.68,1.6,1.56,1.52,1.52,1.56,1.56,1.55,1.47,1.23,0.985,0.995,0.985,0.979,0.989,0.985,0.99,1.04,1.02,1.01,1.01,0.953,0.938,0.722,0.711,0.836,0.767,0.578,0.518,0.396,0.212,0.525,0.505,0.759,0.515,0.498,0.769,0.526,0.455,0.628,0.527,0.397,0.281,0.434,0.348,0.138,−0.129,−0.187,0.0775
Kosovo,2.66,2.49,2.46,2.56,2.71,2.85,3,2.21,1.41,1.46,1.86,2.22,2.25,2.37,2.5,2.63,2.72,2.79,2.83,2.85,2.57,2.2,2.12,2.16,2.21,2.25,2.35,1.96,1.47,1.4,1.59,1.7,1.6,1.56,1.52,1.45,1.31,−5.54,−10.5,−3.76,0.967,0.518,−0.166,−0.201,−0.243,−0.291,−0.331,−0.346,−0.344,−0.331,0.179,0.843,0.606,−0.294,−1.36,−0.6,0.754,0.338,−0.457,0.0705,−0.228,−1.01,−0.666
Kuwait,10.6,10.7,10.5,10.1,9.67,9.41,9.25,9.07,8.6,7.66,6.69,6.19,6.04,6.02,6.21,6.47,6.51,6.34,6.02,5.55,5.09,4.87,4.8,4.29,3.96,4.05,4,3.9,3.8,−27.5,−22.1,19,2.25,−0.467,1.03,2.86,3.27,3.12,2.98,2.84,2.7,2.55,2.39,2.22,3.62,5.56,5.88,5.57,5.29,5.16,6.24,6.32,4.99,4.41,4.5,4.33,3.69,3.98,2.71,−0.951,−0.899,5.11,5.59
Lao,2.25,2.28,2.28,2.25,2.27,2.28,2.3,2.33,2.35,2.38,2.4,2.42,2.43,2.38,2.21,1.96,1.75,1.68,1.76,1.97,2.22,2.45,2.6,2.7,2.77,2.81,2.84,2.86,2.87,2.85,2.82,2.77,2.71,2.62,2.47,2.33,2.09,1.85,1.75,1.68,1.65,1.61,1.54,1.46,1.51,1.58,1.55,1.52,1.5,1.47,1.45,1.43,1.41,1.38,1.46,1.56,1.57,1.55,1.53,1.49,1.44,1.41,1.39
Lebanon,3.06,3.17,3.13,3.01,2.83,2.81,2.69,2.67,2.69,2.46,2.49,2.56,2.49,2.39,2.18,1.23,1.3,2.17,2.1,2.13,2.16,1.52,1.3,1.85,2.03,2.55,2.55,2.02,2.02,1.96,2.03,2.12,1.94,1.79,1.81,1.85,1.81,1.76,1.75,1.73,1.66,1.39,1.38,1.62,1.55,1.7,1.94,1.66,1.35,0.977,1.08,2.7,9.25,9.99,1.96,−2.34,−2.61,−2.9,−3.22,−1.6,0.275,0.46,0.504
Liberia,2.44,2.48,2.51,2.52,2.54,2.54,2.54,2.55,2.56,2.56,2.52,2.53,2.62,2.67,2.7,2.72,2.81,2.91,2.95,2.97,2.94,2.89,2.99,3.09,3.05,2.99,2.93,2.89,2.86,−12.4,−12.8,5.76,3.91,−0.241,0.891,2.87,7.78,10.1,5.52,3.7,2.94,2.6,0.797,1.19,4.46,5.59,4.98,4.06,3.14,2.9,3.92,3.53,2.2,2.08,2.06,2.04,1.94,1.96,1.98,2.07,2.11,2.14,2.2
Libya,4.12,4.17,4.14,3.67,2.83,2.47,2.62,2.83,3.1,3.33,3.35,3.31,3.88,4.97,5.57,5.66,5.72,5.76,5.77,5.72,5.6,2.81,−0.156,1.46,3.26,3,2.76,2.58,2.45,2.33,2.21,2.09,1.98,1.86,1.74,1.63,1.54,1.49,1.49,1.65,1.84,1.92,1.99,2.07,2.11,2.05,2.06,2.12,2.08,2.04,−2.41,−2.62,2.01,1.93,1.61,1.52,1.6,1.62,1.48,1.35,1.27,1.23,1.13
St. Lucia,0.973,1.08,1.07,1.03,1.02,0.99,1.05,1.17,1.19,1.25,1.35,1.37,1.4,1.46,1.5,1.52,1.51,1.48,1.45,1.49,1.56,1.57,1.58,1.6,1.63,1.6,1.5,1.32,1.11,0.98,1.2,1.49,1.48,1.49,1.58,1.49,1.41,1.37,1.3,1.21,1.02,0.872,0.823,0.772,0.735,0.716,0.669,0.624,0.627,0.609,0.522,0.456,0.452,0.443,0.439,0.423,0.395,0.382,0.363,0.331,0.152,0.145,0.282
Liechtenstein,2.56,3.3,3.66,3.59,2.32,2.14,2.84,3.22,1.19,0.265,2.15,2.43,2.91,2.88,1.67,0.885,1.58,2.37,2.16,−0.247,0.629,2.24,0.725,0.566,1.05,1.33,1.16,1.41,1.31,1.49,1.61,1.42,1.55,1.26,0.999,0.832,0.639,1.39,1.73,1.31,1.67,1.5,1.14,1.07,0.884,0.814,0.64,0.597,0.755,0.78,0.802,0.946,0.888,0.711,0.658,0.59,0.65,0.745,0.825,0.873,0.72,0.791,0.9
Sri Lanka,2.43,2.44,2.45,2.46,2.44,2.42,2.42,2.4,2.34,2.25,2.13,2.03,1.95,1.86,1.81,1.81,1.81,1.84,1.87,1.82,1.68,1.23,0.667,0.344,0.66,1.2,1.17,1.01,1.05,0.637,0.749,1.59,1.7,1.46,1.66,1.92,1.9,1.89,1.86,1.82,1.58,1.04,0.733,0.68,0.64,0.67,0.686,0.665,0.614,0.589,0.621,0.761,−2.8,0.933,0.92,1.13,1.1,1.05,0.612,0.531,1.08,0.113,−0.651
Lesotho,2.99,2.98,2.97,2.94,2.93,3.2,3.58,3.67,3.63,3.6,3.56,3.52,3.47,3.45,3.46,3.21,2.89,2.85,2.89,2.91,2.91,2.9,2.89,2.86,2.83,2.54,2.21,2.12,2.03,1.91,1.79,1.66,1.51,1.35,1.22,1.07,0.793,0.498,0.259,0.0339,−0.153,−0.309,−0.483,−0.704,−0.92,−0.411,0.421,0.677,0.727,0.773,0.886,1.01,1.08,1.14,1.17,1.22,1.24,1.22,1.17,1.18,1.15,1.08,1.1
Lithuania,1.61,1.4,1.24,1.24,1.23,1.22,1.2,1.13,0.92,1.04,1.25,1.08,0.954,0.904,0.844,0.815,0.789,0.727,0.541,0.451,0.577,0.703,0.807,0.829,0.86,0.965,1.04,1.06,0.796,0.368,0.17,−0.109,−0.474,−0.694,−0.77,−0.76,−0.738,−0.724,−0.709,−0.703,−0.824,−0.803,−0.812,−1.12,−1.63,−1.6,−1.19,−1.03,−1.11,−2.1,−2.26,−1.34,−1.01,−0.86,−0.941,−1.27,−1.4,−0.954,−0.265,0.0268,0.213,1.09,1.4
Luxembourg,0.912,1.22,1.04,1.12,1.14,0.72,0.329,0.255,0.49,0.494,0.954,1.21,1.1,1.3,1.09,0.495,0.174,0.179,0.234,0.356,0.295,0.0821,0.0265,0.103,0.193,0.449,0.648,0.726,0.973,1.25,1.34,1.33,1.34,1.36,1.4,1.36,1.25,1.24,1.35,1.34,1.19,1.05,1.22,1.42,1.53,1.6,1.54,1.79,1.85,1.83,2.22,2.4,2.31,2.36,2.36,2.16,2.43,1.93,1.96,1.67,1.52,2.02,2.02
Latvia,1.48,1.33,1.34,1.33,1.12,0.76,0.785,0.969,0.838,0.68,0.727,0.808,0.837,0.881,0.774,0.603,0.568,0.516,0.321,0.229,0.307,0.462,0.588,0.628,0.655,0.812,1.02,1.02,0.508,−0.143,−0.473,−1.38,−1.97,−1.67,−1.43,−1.13,−0.997,−0.943,−0.814,−0.964,−1.29,−1.16,−0.966,−1.09,−1.08,−0.917,−0.816,−1.05,−1.65,−2.08,−1.82,−1.24,−1.07,−0.942,−0.819,−0.914,−0.886,−0.779,−0.695,−0.701,−0.843,−0.271,−0.103
"Macao, China",0.00462,2.56,2.4,21.4,16.3,−1.02,−0.963,−0.961,−1.02,0.815,−3.96,−0.954,−0.922,−0.931,−0.982,−1.1,−1.13,−0.236,1.2,1.87,2.13,3.94,5.59,4.91,2.39,2.17,3.58,2.94,2.84,2.98,4.87,5.33,3.47,3.28,3.1,1.41,0.529,1.19,1.2,0.746,0.763,1.03,1.18,2.47,4.05,5.23,4.32,3.73,−1.06,0.373,2.32,3.28,4.14,4.91,3.35,1.48,−0.63,1.61,1.97,1.97,−0.424,−0.765,0.221
St. Martin (French part),3.15,3.16,3.17,3.24,3.44,4.25,4.85,3.96,3.03,3,2.95,2.86,2.88,3.06,3.43,3.7,3.58,3.29,3.03,2.75,2.5,11.1,19,17.9,15.9,14.2,12.9,11.8,10.8,6.48,2.02,0.971,0.689,0.446,0.194,−0.0917,−0.408,−0.739,0.606,2.4,2.65,2.57,2.47,2.37,2.26,2.13,1.94,1.74,1.5,0.965,0.576,0.557,0.383,0.0828,−0.217,−0.52,−0.913,−2.27,−4.97,−7.52,−5.91,−3.71,−4.81
Morocco,2.6,2.66,2.61,2.52,2.6,2.67,2.69,2.68,2.66,2.65,2.6,2.53,2.49,2.47,2.46,2.44,2.48,2.54,2.56,2.63,2.66,2.64,2.6,2.5,2.38,2.18,1.99,1.92,1.85,1.81,1.72,1.65,1.58,1.5,1.52,1.54,1.5,1.49,1.46,1.4,1.37,1.32,1.27,1.28,1.34,1.35,1.34,1.34,1.33,1.35,1.36,1.34,1.29,1.23,1.17,1.19,1.2,1.1,1.03,1.03,1.01,1.01,1.02
Monaco,0.426,0.805,1.38,1.34,1.12,0.825,0.427,0.887,1.67,1.66,1.42,1.16,0.841,0.648,1.04,1.54,1.45,1.26,1.07,0.852,0.629,0.977,1.44,1.41,1.31,1.25,1.21,1.13,1.01,0.907,0.876,0.852,0.803,0.765,0.743,0.719,0.707,0.634,0.442,0.139,−0.0246,−0.0771,−0.148,−0.207,−0.301,−0.476,−0.689,−0.00314,1.64,2.44,2.33,2.23,2.1,1.9,1.73,1.4,1.07,1.26,−0.118,−0.155,1.25,1.04,0.0642
Moldova,2.18,2.07,1.92,1.77,1.66,1.6,1.54,1.5,1.48,1.2,0.94,0.976,1.03,1.09,1.13,1.14,1.14,1.13,1,0.951,1,0.986,1.01,1.04,1.07,1.13,1.15,1.11,0.715,0.265,0.123,−0.0202,−0.168,−0.31,−0.458,−0.2,−0.37,−0.0404,−0.157,−0.203,−0.224,−0.232,−0.282,−0.247,−0.243,−0.278,−0.232,−0.19,−0.126,−0.0998,−0.0578,−0.0131,−0.0268,−0.061,−0.767,−1.16,−1.73,−1.76,−1.6,−1.1,−1.5,−2.62,−2.84
Madagascar,2.61,2.6,2.59,2.58,2.6,2.63,2.68,2.73,2.79,2.85,2.91,2.95,2.98,3,3.01,3.02,3.03,3.04,3.04,3.03,2.99,2.96,2.94,2.92,2.9,2.87,2.85,2.87,2.91,2.95,2.99,3.01,3.05,3.11,3.16,3.22,3.26,3.27,3.25,3.17,3.08,2.99,2.93,2.92,2.93,2.94,2.93,2.94,2.94,2.91,2.84,2.77,2.72,2.68,2.64,2.61,2.6,2.6,2.6,2.57,2.52,2.48,2.46
Maldives,2.45,2.49,2.49,2.45,3.36,4.14,3.64,3.1,2.96,3.01,3.05,3.05,3,2.94,2.96,3,2.94,2.75,2.65,2.75,2.81,2.79,2.71,2.79,3.19,3.5,3.5,3.35,3.2,3.17,3.08,2.87,2.62,2.4,2.3,2.2,2.02,1.86,1.7,1.65,1.67,1.68,1.66,1.65,1.65,2.39,3.33,3.54,3.54,3.53,3.51,3.46,3.37,3.33,3.45,3.48,3.32,3.18,3.05,2.91,2.76,1.53,0.36
Mexico,3.12,3.22,3.26,3.28,3.3,3.31,3.31,3.28,3.23,3.16,3.1,3.04,2.99,2.93,2.86,2.78,2.71,2.65,2.58,2.48,2.34,2.21,2.16,2.11,2.07,2.03,2,1.98,1.93,1.92,1.93,1.89,1.85,1.81,1.78,1.74,1.68,1.64,1.6,1.54,1.48,1.44,1.4,1.37,1.35,1.35,1.41,1.46,1.46,1.44,1.42,1.36,1.3,1.21,1.07,0.969,0.935,0.947,0.95,0.82,0.667,0.753,0.872
Marshall Islands,3.45,3.46,3.41,3.32,3.21,2.97,3.98,6.27,7.01,5.59,3.64,2.64,2.43,2.87,3.34,3.26,3.22,3.18,3.17,3.42,3.96,4.22,4.15,4.09,4.05,3.96,3.85,3.59,2.95,2.36,2.08,1.78,1.51,1.31,1.15,1.05,0.987,0.925,0.971,0.999,0.819,0.589,0.415,0.294,0.222,0.166,0.0827,−0.00961,−0.0211,0.0481,−0.264,−0.945,−1.45,−1.76,−2.02,−2.26,−2.5,−2.71,−2.86,−3,−3.19,−3.17,−3.17
North Macedonia,1.39,1.13,1.15,1.48,1.48,1.55,1.6,1.66,1.69,1.69,1.61,1.54,1.53,1.52,1.54,1.54,1.48,1.43,1.41,1.38,1.34,1.01,0.652,0.576,0.544,0.515,0.514,0.519,0.483,0.39,−0.374,−1.15,−1.27,−0.709,0.294,0.699,−0.782,0.532,0.478,0.455,0.42,−0.726,0.127,−0.324,−0.54,−0.552,−0.571,−0.579,−0.647,−0.639,−0.458,−0.392,−0.369,−0.269,−0.268,−0.32,−0.402,−0.507,−0.679,−1.08,−1.03,−0.294,−0.213
Mali,1.47,1.48,1.48,1.47,1.48,1.48,1.49,1.53,1.55,1.59,1.6,1.64,1.73,1.78,1.8,1.79,1.85,1.94,1.99,2.08,2.13,2.15,2.19,2.14,2,1.85,1.74,1.75,1.86,1.97,1.99,2.02,2.08,2.15,2.17,2.16,2.27,2.53,2.78,2.91,3.01,3.11,3.18,3.24,3.28,3.28,3.29,3.29,3.26,3.25,3.23,2.92,2.92,3.16,3.13,3.17,3.19,3.13,3.02,3.02,3.06,3.01,2.97
Malta,−0.399,−0.416,−0.418,−0.404,−0.766,−1.14,−1.16,−1.18,−1.18,−0.544,0.0165,−0.0826,−0.0827,−0.0675,0.734,0.509,0.39,1.04,1.01,1.05,0.735,2.14,1.41,0.0209,1.76,1.67,0.689,0.821,0.973,0.978,2.7,1.03,0.999,0.935,0.697,0.657,0.757,0.65,0.593,0.645,0.751,0.746,0.658,0.672,0.637,0.364,0.349,0.651,0.754,0.491,0.424,0.899,1.4,2,2.39,2.29,2.74,3.49,3.93,2.21,0.62,2.47,3.92
Myanmar,2.19,2.2,2.22,2.23,2.26,2.27,2.27,2.27,2.27,2.26,2.23,2.21,2.08,1.95,1.94,1.91,1.92,1.95,1.93,1.92,1.88,1.83,1.95,2.07,2,1.87,1.74,1.64,1.58,1.53,1.44,1.37,1.34,1.32,1.3,1.28,1.28,1.25,1.19,1.12,1.05,1,0.936,0.857,0.782,0.728,0.709,0.551,0.556,0.745,0.803,0.842,0.85,0.83,0.801,0.793,0.772,0.724,0.702,0.711,0.697,0.69,0.699
Montenegro,2.17,2.3,2.14,1.61,0.873,0.0175,−0.691,−1.02,−0.803,−0.182,0.592,1.22,1.6,1.62,1.4,1.11,0.903,0.802,0.854,1,1.19,1.3,1.27,1.07,0.748,0.381,0.0712,−0.12,−0.139,−0.0328,0.121,0.232,0.271,0.2,0.0528,−0.116,−0.243,−0.305,−0.419,−0.028,0.402,0.401,0.399,0.177,0.148,0.124,0.138,0.177,0.215,0.183,0.105,0.0842,0.0976,0.097,0.0561,0.0231,0.0112,−0.0235,−0.032,−0.116,−0.338,−0.323,−0.168
Mongolia,3.19,3.14,2.83,2.66,2.77,2.84,2.82,2.71,2.6,2.58,2.65,2.73,2.79,2.84,2.88,2.89,2.85,2.71,2.51,2.42,2.41,2.41,2.42,2.44,2.49,2.54,2.6,2.61,2.28,−1.21,3.13,0.113,−0.123,1.11,1.61,1.54,1.42,1.39,1.41,1.33,1.23,1.29,1.27,1.12,1.11,1.21,1.34,1.58,1.8,1.75,1.73,1.9,2.07,2.19,2.13,2.03,1.93,1.86,1.84,1.81,1.68,1.47,1.37
Northern Mariana Islands,2.92,3.12,3.34,3.38,3.36,3.33,1.28,−2.65,−4.68,1.8,10.3,11.4,9.39,5.43,2.76,2.45,2.24,2.15,2.2,6.67,11.8,12,10.9,10.1,9.29,8.61,8.03,7.5,6.98,4.82,2.4,1.76,1.69,1.68,3.05,7.07,9.04,8.04,7.2,3.63,−0.546,−1.79,−2.05,−2.29,−2.51,−2.72,−2.91,−3.09,−3.25,−2.26,−0.897,−0.7,−0.898,−1.11,−1.28,−1.45,−1.62,−1.78,−1.95,−1.26,−1.16,−1.94,−2.05
Mozambique,1.79,1.95,2,2.02,2.06,2.09,2.11,2.15,2.18,2.25,2.46,2.76,2.96,3.1,3.25,3.36,3.56,3.77,3.79,2.75,2.03,2.19,2.09,1.99,1.87,1.75,0.406,−0.172,0.827,1.44,1.95,1.94,3.17,6.76,5.98,3.28,2.74,2.28,2.25,2.2,2.23,2.24,2.26,2.28,2.31,2.35,2.38,2.47,2.59,2.68,2.79,2.87,2.89,2.9,2.9,2.93,2.99,2.98,2.94,2.96,2.96,2.95,2.95
Mauritania,2.62,2.68,2.75,2.82,2.88,2.95,3,3.03,3.05,3.05,3.04,3.01,2.99,2.97,2.95,2.93,2.88,2.84,2.83,2.84,2.86,2.88,2.88,2.88,2.89,2.88,2.88,2.89,2.51,2.53,2.92,3.83,4.04,3.4,2.74,1.98,2.23,2.59,2.67,2.78,2.47,2.21,2.29,2.35,2.42,2.51,2.6,2.87,3.13,3.19,3.25,3.26,3.14,3.01,3.01,3,2.99,2.97,2.95,2.92,2.89,2.93,2.97
Mauritius,0.6,2.84,2.61,2.41,2.23,2.08,1.95,1.83,1.74,1.66,1.59,1.52,1.49,1.52,1.58,1.61,1.63,1.31,1.74,1.69,1.48,1.22,0.92,1.05,0.817,0.765,0.748,0.688,0.766,0.712,1.08,1.32,1.19,1.4,0.86,1.02,1.25,1.05,1.27,0.983,0.79,0.694,0.724,0.627,0.592,0.466,0.456,0.362,0.266,0.238,0.16,0.277,0.242,0.181,0.132,0.0687,0.0902,0.0545,0.0322,0.00229,0.0253,−0.301,−0.117
Malawi,2.38,2.41,2.44,2.45,2.44,2.45,2.47,2.48,2.47,2.46,2.5,2.56,2.62,2.71,2.8,2.91,3.1,3.42,3.69,3.85,3.93,3.95,3.95,3.91,3.85,3.68,4.78,5.4,4.72,3.95,3.08,2.91,1.46,−1.17,−0.145,1.97,2.01,2.16,2.33,2.4,2.42,2.45,2.5,2.59,2.68,2.76,2.82,2.9,2.96,2.95,2.92,2.87,2.84,2.8,2.75,2.73,2.71,2.67,2.65,2.64,2.59,2.57,2.57
Malaysia,2.58,2.61,2.61,2.6,2.55,2.49,2.37,2.27,2.26,2.3,2.38,2.4,2.39,2.4,2.39,2.4,2.4,2.4,2.4,2.78,3.15,3.18,3.22,3.26,3.29,3.28,3.22,3.14,3.04,2.95,2.82,2.65,2.56,2.54,2.54,2.52,2.49,2.46,2.39,2.34,2.4,2.42,2.37,2.31,2.27,2.23,2.17,2.1,1.99,1.87,1.75,1.7,1.71,1.71,1.73,1.77,1.76,1.7,1.6,1.33,1.15,1.2,1.23
Namibia,1.94,2.08,2.22,2.35,2.46,2.56,2.68,2.76,2.84,2.91,2.95,3.01,3,3.02,3.08,2.86,2.67,1.72,1.63,1.91,1.12,1.78,2.66,2.71,2.86,3.07,3.2,3.52,6.35,6.05,3.33,3.17,3.19,3.11,2.9,2.71,2.59,2.54,2.49,2.35,2.09,1.76,1.44,1.28,1.25,1.28,1.33,1.4,1.47,1.55,1.72,2.23,2.6,2.61,2.65,2.7,2.74,2.77,2.8,2.91,2.95,2.78,2.51
New Caledonia,3.33,3.35,3.13,2.86,2.78,2.82,2.85,2.85,3.3,4.19,4.63,4.62,4.61,4.57,4.47,3.31,1.75,1.23,1.18,1.13,1.08,1.02,1.3,1.65,1.67,1.65,1.68,1.71,2.07,2.54,2.67,2.63,2.54,2.46,2.41,2.3,2.18,2.12,2.07,2.07,2.04,1.97,1.89,1.75,1.45,1.29,1.28,1.23,1.34,1.67,1.88,1.89,1.89,1.58,0.689,0.09,0.0434,−0.00176,0.0229,0.201,0.365,0.667,0.952
Niger,2.9,2.91,2.9,2.89,2.85,2.82,2.79,2.76,2.73,2.71,2.67,2.66,2.68,2.68,2.71,2.74,2.79,2.86,2.94,2.98,2.99,2.97,2.96,2.96,2.97,3.01,3.03,3.03,3.05,3.08,3.1,3.12,3.16,3.22,3.31,3.34,3.32,3.38,3.44,3.47,3.51,3.53,3.56,3.6,3.63,3.66,3.68,3.7,3.72,3.73,3.72,3.77,3.76,3.69,3.7,3.67,3.56,3.45,3.37,3.3,3.25,3.25,3.29
Nigeria,2.06,2.1,2.12,2.14,2.17,2.18,2.14,2.16,2.22,2.28,2.34,2.4,2.49,2.62,2.77,2.87,2.98,3.06,3.08,3.12,3.07,2.99,2.59,2.56,2.83,2.72,2.66,2.67,2.69,2.7,2.64,2.63,2.65,2.64,2.64,2.61,2.6,2.61,2.64,2.67,2.72,2.74,2.76,2.77,2.77,2.76,2.77,2.78,2.79,2.8,2.8,2.77,2.71,2.64,2.54,2.47,2.43,2.31,2.19,2.13,2.1,2.09,2.1
Nicaragua,2.99,3,3.01,3.03,3.06,3.09,3.12,3.14,3.14,3.13,3.12,2.91,2.9,3.08,3.06,3.04,3.01,2.89,2.7,2.74,2.83,2.74,2.63,2.48,2.39,2.34,2.29,2.3,2.34,2.34,2.31,2.26,2.2,2.12,2.04,1.86,1.67,1.53,1.43,1.38,1.29,1.21,1.18,1.18,1.3,1.43,1.44,1.43,1.42,1.42,1.41,1.4,1.39,1.37,1.36,1.34,1.33,1.32,1.3,1.25,1.2,1.28,1.37
Netherlands,1.32,1.42,1.35,1.34,1.37,1.31,1.13,1.04,1.16,1.24,1.19,1.01,0.827,0.784,0.891,0.785,0.595,0.615,0.69,0.791,0.686,0.459,0.379,0.397,0.466,0.555,0.635,0.646,0.6,0.689,0.788,0.756,0.697,0.603,0.494,0.461,0.515,0.617,0.665,0.715,0.755,0.638,0.472,0.347,0.234,0.161,0.218,0.389,0.514,0.513,0.466,0.37,0.295,0.36,0.443,0.532,0.591,0.584,0.655,0.556,0.523,0.953,0.99
Curaçao,1.04,1.8,1.89,1.73,1.58,1.04,1.06,1.55,1.61,1.5,1.81,0.218,−0.542,0.975,0.523,0.181,0.0401,−0.751,−0.331,0.128,0.396,0.986,0.702,0.515,0.506,−0.0321,−0.793,−1.46,−1.56,−1.05,−0.688,−0.341,0.269,0.229,0.351,0.801,0.443,−1.7,−3.55,−4.08,−3.66,0.122,2.06,1.73,2.55,2.57,1.97,1.26,0.651,1.27,1.42,0.83,1.13,1.35,1.32,1.06,0.32,−0.525,−1.2,−1.6,−1.68,−1.57,−1.43
Norway,0.794,0.803,0.756,0.755,0.777,0.798,0.837,0.841,0.815,0.727,0.701,0.765,0.7,0.62,0.552,0.469,0.423,0.382,0.341,0.321,0.344,0.367,0.331,0.282,0.299,0.357,0.468,0.538,0.413,0.344,0.476,0.577,0.595,0.569,0.519,0.507,0.542,0.595,0.685,0.649,0.506,0.539,0.587,0.591,0.681,0.805,1.03,1.25,1.26,1.25,1.3,1.31,1.21,1.13,0.995,0.881,0.808,0.66,0.675,0.589,0.535,0.898,1.14
Nepal,1.91,1.95,1.96,2,2.05,2.08,2.12,2.15,2.17,2.19,2.18,2.17,2.18,2.18,2.2,2.19,2.24,2.32,2.34,2.36,2.35,2.33,2.37,2.35,2.27,2.21,2.12,2.1,2.22,2.42,2.59,2.82,2.73,2.51,2.4,2.21,2.08,1.97,1.86,1.73,1.62,1.52,1.41,1.27,1.12,0.968,0.836,0.75,0.676,0.62,0.447,0.256,0.2,0.298,0.545,0.473,0.199,0.244,1.18,1.93,1.74,0.812,−0.0701
Nauru,3.56,4.2,4.84,5.38,5.59,3.55,1.51,3.1,3.92,1.94,0.772,0.737,0.79,0.827,0.92,1.1,1.39,1.87,2.3,2.39,2.45,2.53,2.17,1.94,2.06,2.21,2.31,2.42,2.43,2.44,2.34,1.72,0.805,0.346,0.276,0.177,0.137,0.00981,−0.108,−0.187,−0.374,−0.475,−0.228,0.00994,−0.109,−0.149,−0.14,−0.11,0.0699,0.269,0.546,1.66,2.41,2.12,1.95,1.77,1.55,1.34,0.954,0.482,0.565,0.783,0.625
New Zealand,2,2.54,1.99,2.09,1.65,1.79,1.79,0.877,0.895,1.36,1.49,1.77,1.96,2.09,1.95,0.885,0.311,0.032,−0.392,0.125,0.385,0.993,1.36,0.865,0.618,−0.0246,0.862,0.274,0.48,0.923,,1.04,1.14,1.33,1.46,1.58,1.31,0.887,0.525,0.588,0.589,1.74,1.97,1.49,1.13,1.22,0.932,0.849,1,1.11,0.762,0.548,0.768,1.66,2.04,2.25,2.09,1.79,1.59,2.2,0.414,0.115,2.05
Oman,1.75,1.85,1.96,2.07,2.19,2.29,2.39,2.49,2.58,2.66,2.74,2.82,2.9,3.52,4.18,4.5,4.86,5.13,5.28,5.35,5.45,5.55,5.55,5.46,6.05,6.42,6.01,5.67,5.37,5.1,4.84,4.58,4.21,2.93,1.84,1.7,1.55,1.44,1.36,1.29,1.22,1.16,1.13,1.72,2.26,2.21,2.18,2.17,2.19,2.68,11,14.2,7.78,4.3,4.46,4.8,3.28,1.32,−0.144,−1.51,−0.489,4.98,6.53
Pakistan,2.62,2.6,2.65,2.7,2.74,2.78,2.82,2.85,2.86,2.88,2.76,2.77,2.91,2.94,2.99,3.06,3.14,3.2,3.46,4.09,4.18,3.76,3.46,3.14,3.17,3.38,3.41,3.36,3.27,3.34,3.31,2.86,2.77,2.89,2.89,2.91,2.83,2.76,2.72,2.82,2.8,2.45,2.35,2.47,2.4,2.38,2.64,2.68,2.54,2.47,2.24,1.91,1.63,1.5,1.4,1.3,1.41,1.62,1.69,1.8,1.89,1.75,1.55
Panama,2.96,3.01,3.03,3.03,3.01,2.98,2.94,2.9,2.86,2.83,2.8,2.77,2.71,2.66,2.6,2.54,2.48,2.43,2.4,2.38,2.37,2.36,2.35,2.34,2.3,2.26,2.22,2.19,2.14,2.13,2.12,2.09,2.08,2.06,2.04,2.02,2.01,2,1.98,1.96,1.95,1.93,1.91,1.9,1.89,1.85,1.83,1.82,1.8,1.78,1.77,1.76,1.74,1.73,1.73,1.73,1.71,1.67,1.59,1.37,1.21,1.27,1.31
Peru,2.92,2.91,2.9,2.89,2.87,2.85,2.83,2.81,2.79,2.51,2.46,2.65,2.59,2.53,2.49,2.47,2.47,2.49,2.49,2.5,2.49,2.48,2.49,2.48,2.44,2.36,2.29,2.27,2.24,2.21,2.11,2.04,2.02,1.98,1.94,1.88,1.85,1.82,1.73,1.56,1.37,1.19,1.07,0.98,0.89,0.792,0.725,0.658,0.617,0.653,0.747,0.837,0.901,0.994,1.13,1.33,1.47,1.81,1.71,1.19,0.962,0.959,1.1
Philippines,3.18,3.18,3.15,3.11,3.06,2.99,2.94,2.9,2.83,2.59,2.35,2.28,2.22,2.16,2.27,2.53,2.66,2.68,2.67,2.61,2.61,2.77,2.91,2.89,2.73,2.56,2.63,2.68,2.52,2.56,2.4,2.37,2.4,2.18,2.19,2.3,2.35,2.51,2.56,2.38,2.21,2.03,1.98,1.94,1.86,1.68,1.73,1.77,1.8,2.05,1.96,1.94,1.88,1.64,1.48,1.34,1.29,1.24,1.22,1.15,0.906,0.76,0.81
Palau,2.4,2.46,2.46,2.51,2.45,2.42,1.68,0.834,0.71,1.86,3.38,3.63,2.89,1.07,−0.253,−0.451,−0.581,−0.681,−0.831,−0.536,1.06,2.33,2.43,2.51,2.6,2.43,2.19,2.15,2.03,2.08,2.3,2.37,2.37,2.4,2.5,2.63,2.54,2.27,2.01,1.45,0.903,0.777,0.797,0.816,−0.00505,−1.15,−1.5,−1.53,−1.59,−1.69,−1.74,−1.75,−0.661,0.379,0.31,0.152,0.0843,0.0112,−0.0899,−0.0337,−0.0506,−0.135,−0.18
Papua New Guinea,2.52,2.31,2.24,2.17,2.15,2.21,2.24,2.25,2.32,2.37,2.4,2.39,2.34,2.28,2.23,2.2,2.17,2.13,2.1,2.07,2.07,2.08,2.1,2.12,2.14,2.16,2.16,2.16,2.24,2.61,3.17,3.54,3.63,3.62,3.6,3.58,3.56,3.52,3.48,3.45,3.4,3.36,3.32,3.28,3.23,3.19,3.15,3.11,3.06,3.02,2.92,2.79,2.7,2.62,2.55,2.47,2.39,2.32,2.26,2.13,1.99,1.88,1.81
Poland,1.1,1.14,1.32,1.38,0.976,0.748,0.962,0.957,0.782,0.356,0.364,0.827,0.908,0.96,0.994,0.998,0.964,0.794,0.802,0.923,0.908,0.92,0.938,0.905,0.804,0.681,0.564,0.414,0.362,0.392,0.355,0.307,0.254,0.211,0.136,0.0761,0.0655,0.0357,−0.0083,−1.04,−0.0276,−0.0463,−0.0675,−0.0585,−0.044,−0.0634,−0.0543,0.0136,0.0678,−0.286,0.0538,−0.00024,−0.0604,−0.0748,−0.0666,−0.043,0.0125,−0.0002,−0.0244,−0.175,−2.45,−0.433,−0.366
Puerto Rico,1.75,2.09,2.19,1.96,1.55,1.19,0.785,0.618,0.826,1.25,1.61,1.97,2.16,2.08,1.84,1.65,1.46,1.31,1.23,1.19,1.13,1.07,1.02,0.993,0.976,0.959,0.943,0.927,0.91,0.89,0.707,0.645,0.842,0.929,0.924,1.12,0.929,0.575,0.501,0.277,0.214,0.129,0.0626,0.0205,−0.144,−0.423,−0.586,−0.587,−0.545,−0.506,−1.16,−1.21,−1.15,−1.63,−1.76,−1.93,−2.42,−4.05,0.0106,2.71,−0.577,−1.31,−0.449
North Korea,2.26,2.24,2.45,2.54,2.52,2.61,2.83,2.88,2.76,2.71,2.6,2.55,2.32,1.95,1.77,1.59,1.44,1.38,1.39,1.4,1.44,1.48,1.47,1.46,1.47,1.47,1.47,1.46,1.46,1.47,1.49,1.49,1.47,1.44,1.22,0.994,0.935,0.865,0.795,0.714,0.63,0.539,0.61,0.681,0.582,0.524,0.496,0.479,0.458,0.437,0.442,0.453,0.466,0.48,0.486,0.48,0.463,0.438,0.41,0.378,0.367,0.366,0.339
Portugal,0.805,0.722,0.404,0.0555,−0.408,−0.754,−0.634,−0.428,−0.897,−0.886,−0.423,−0.154,0.0309,1.39,3.8,2.84,1.06,1.08,1.07,1.08,0.867,0.611,0.464,0.385,0.274,0.091,−0.027,−0.104,−0.146,−0.218,−0.23,−0.0777,0.122,0.269,0.346,0.376,0.446,0.505,0.566,0.703,0.705,0.548,0.375,0.239,0.186,0.18,0.196,0.144,0.0953,0.0459,−0.147,−0.405,−0.549,−0.539,−0.414,−0.315,−0.244,−0.16,0.0237,0.105,0.627,0.697,1.37
Paraguay,2.3,2.35,2.44,2.5,2.48,2.44,2.38,2.32,2.28,2.25,2.26,2.32,2.42,2.49,2.48,2.47,2.47,2.49,2.54,2.63,2.73,2.78,2.81,2.82,2.82,2.83,2.82,2.8,2.77,2.71,2.66,2.6,2.53,2.46,2.4,2.33,2.25,2.18,2.08,1.93,1.69,1.41,1.23,1.15,1.11,1.04,0.98,0.97,1.02,1.17,1.33,1.41,1.44,1.45,1.46,1.45,1.42,1.39,1.35,1.35,1.21,1.13,1.23
Palestine,,,,,,,,,,,,,,,,,,,,,,,,,,,,,,,4.48,4.48,4.48,4.48,4.48,4.48,4.48,2.56,2.56,2.56,2.56,2.56,2.56,2.56,2.56,2.56,2.56,2.75,2.67,2.6,2.53,2.47,2.4,2.34,2.29,2.25,1.99,2.53,2.51,2.49,2.46,2.43,2.39
French Polynesia,2.09,2.12,2.8,3.38,3.38,3.38,3.4,3.44,3.47,3.48,3.39,3.29,3.24,3.18,3.09,2.99,2.99,3.12,3.18,3.18,3.17,3.13,3.02,2.71,2.53,2.55,2.54,2.46,2.25,2.05,1.93,1.82,1.72,1.62,1.53,1.51,1.6,1.63,1.58,1.57,1.55,1.5,1.55,1.58,1.5,1.42,1.21,0.726,0.41,0.407,0.423,0.498,0.6,0.602,0.534,0.471,0.325,−0.0972,−0.28,0.0627,0.209,0.209,0.264
Qatar,9.71,11.8,12.1,12.1,11.9,11.9,12.1,11.9,11.6,12.2,12.1,10.9,9.95,9.16,8.49,7.94,7.48,7.08,6.74,6.45,6.2,5.95,5.67,5.36,5.06,4.41,3.74,3.53,3.44,3.36,3.28,3.2,3.12,3.03,2.93,2.82,3.98,5.31,5.36,5.17,4.98,4.79,4.6,3.78,6.52,16.4,21.7,16.6,12,0.492,0.489,5.84,10.7,11.6,8.58,5.5,2.74,1.36,2.22,5.73,−10.9,5.91,−0.049
Romania,0.803,0.652,0.647,0.643,0.593,0.962,1.65,1.35,1.05,1.2,1.04,0.955,0.857,0.926,1.25,1.2,0.944,0.894,0.631,0.527,0.654,0.547,0.376,0.354,0.408,0.456,0.492,0.47,0.449,0.174,−0.869,−0.903,−0.136,−0.145,−0.202,−0.288,−0.288,−0.207,−0.157,−0.129,−1.4,−1.83,−0.721,−0.57,−0.618,−0.592,−1.48,−1.67,−0.833,−0.594,−0.492,−0.445,−0.371,−0.375,−0.47,−0.574,−0.578,−0.587,−0.527,−0.551,−0.746,−0.385,0.0576
Russia,1.11,1.11,1.11,1.11,1.11,0.569,0.57,0.569,0.569,0.569,0.574,0.573,0.575,0.573,0.574,0.703,0.703,0.703,0.703,0.71,0.667,0.628,0.598,0.757,0.777,0.718,0.697,0.648,0.587,0.168,0.287,0.097,−0.0535,−0.0343,−0.0216,−0.145,−0.165,−0.165,−0.309,−0.421,−0.424,−0.46,−0.454,−0.403,−0.381,−0.327,−0.171,−0.044,0.0301,0.0449,0.118,0.252,0.297,0.3,0.279,0.259,0.191,0.0721,0.0379,−0.143,−0.344,−0.353,−0.285
Rwanda,2.76,2.52,2.26,2.3,2.62,2.83,3.02,3.1,3.08,3.05,2.95,2.89,2.91,2.93,2.94,2.96,2.95,2.96,3.02,3.11,3.2,3.28,3.34,3.37,3.37,3.34,3.28,3.19,3.06,2.62,2.04,2.06,3.8,−16.1,−18,16.7,14.5,4.12,0.816,0.807,0.887,1.36,2.2,2.64,2.66,2.67,2.66,2.63,2.58,2.52,2.45,2.39,2.4,2.42,2.39,2.37,2.35,2.32,2.28,2.24,2.19,2.19,2.2
Saudi Arabia,3.67,3.67,3.69,3.7,3.71,3.72,3.79,3.9,4.01,4.17,4.44,4.76,5.01,5.16,5.24,5.38,5.56,5.71,5.81,5.86,5.98,6.1,6.09,5.95,5.74,5.69,5.65,5.32,5.05,4.93,4.77,4.6,4.43,4.28,4.14,4,3.86,3.74,3.62,4.46,5.2,4.98,4.77,4.59,4.43,4.28,4.15,4.03,3.91,−0.992,4.54,4.2,5.41,2.45,5.19,3.75,0.0748,−2.55,−0.44,4.83,−2.46,4.42,3.33
Sudan,3.18,3.24,3.3,3.34,3.37,3.39,3.4,3.42,3.43,3.45,3.44,3.43,4.08,3.99,3.5,3.53,3.49,3.95,4.12,4.21,4.14,3.89,3.32,2.26,1.82,1.9,2.03,2.07,2.06,2.03,2.02,2.01,2.24,2.52,2.58,2.24,2.23,2.52,2.51,2.5,2.49,2.47,2.26,2.19,2.28,2.31,2.38,2.59,2.77,2.42,2.03,2.14,2.31,2.71,3.05,3.04,3.46,3.49,2.94,2.69,2.69,2.7,1.33
Senegal,2.82,2.82,2.82,2.84,2.88,2.93,2.97,2.98,2.98,2.99,2.99,2.99,2.98,2.91,2.77,2.63,2.44,2.34,2.39,2.47,2.56,2.63,2.68,2.73,2.79,2.87,2.91,2.9,2.87,2.87,2.84,2.8,2.75,2.68,2.56,2.44,2.36,2.34,2.37,2.41,2.42,2.45,2.41,2.35,2.34,2.33,2.32,2.34,2.37,2.39,2.53,2.68,2.96,3.17,3.07,2.98,2.89,2.8,2.72,2.63,2.54,2.47,2.39
Singapore,3.34,2.77,2.53,2.56,2.43,2.49,2.21,1.72,1.5,1.55,1.83,1.85,1.87,1.66,1.46,1.35,1.39,1.21,1.26,1.27,4.81,4.39,1.3,1.89,0.137,−0.0945,1.5,2.54,2.94,3.89,2.85,3,2.53,3.14,3.04,4.06,3.36,3.4,0.799,1.73,2.7,0.913,−1.47,1.25,2.35,3.13,4.17,5.32,3.02,1.77,2.08,2.45,1.62,1.3,1.19,1.3,0.0886,0.47,1.14,−0.312,−4.17,3.31,4.86
Solomon Islands,2.28,2.28,2.29,2.31,2.33,2.34,2.37,2.43,2.46,2.35,2.27,2.38,2.55,2.74,2.88,3.16,3.43,3.49,3.51,3.5,3.47,3.45,3.42,3.39,3.35,3.27,3.23,3.22,3.17,3.11,3.06,3.02,2.97,2.94,2.92,2.89,2.85,2.81,2.69,2.29,1.95,1.88,1.84,1.8,1.77,1.75,1.73,1.71,1.82,2.82,3.68,3.67,3.65,3.63,3.58,3.53,3.46,3.36,2.65,2.22,2.4,2.39,2.4
Sierra Leone,1.57,1.64,1.69,1.75,1.81,1.85,1.88,1.9,1.89,1.9,1.86,1.83,1.85,1.85,1.84,1.8,1.85,1.93,1.95,1.99,2.02,2.05,2.13,2.19,2.21,2.44,2.68,2.7,2.5,3.96,1.17,−1.9,−0.222,0.384,0.145,0.478,1.29,0.984,0.517,2.42,5.91,5.77,4.06,3.38,2.69,2.21,2.2,2.5,2.69,2.72,2.61,2.53,2.46,2.39,2.32,2.35,2.39,2.35,2.32,2.31,2.27,2.23,2.2
El Salvador,2.78,2.72,2.66,2.71,2.78,2.82,2.82,2.78,2.71,2.55,2.39,2.35,2.34,2.3,2.23,2.16,2.14,2.14,1.94,1.33,0.663,1.13,1.82,1.91,2,1.98,1.98,2.01,1.97,1.88,1.75,1.63,1.32,0.953,0.837,0.746,0.675,0.618,0.562,0.497,0.415,0.311,0.2,0.101,0.0151,−0.0543,0.125,0.324,0.314,0.33,0.36,0.391,0.406,0.392,0.336,0.277,0.205,0.101,0.0404,0.198,0.338,0.391,0.466
San Marino,2.38,2.4,2.42,2.37,1.91,1.25,0.937,0.973,0.92,0.785,1.37,1.98,1.09,0.2,0.084,0.335,4.64,4.92,1.39,1.24,1.17,0.98,0.786,0.525,0.62,0.669,0.221,0.69,1.35,1.38,1.36,1.37,1.43,1.42,1.34,1.28,1.24,1.25,1.27,1.28,1.28,1.27,1.27,5.63,1.28,1.16,3.35,1.43,4.34,0.615,−1.97,2.57,−1.29,−1.18,0.738,0.618,2.16,2.04,0.408,0.308,−1.5,−1.46,0.311
Somalia,2.6,2.61,2.61,2.62,2.63,2.63,2.62,2.63,2.63,2.64,2.62,2.62,2.66,2.59,2.51,2.51,2.67,7.12,12.4,8.56,0.784,0.35,3.19,3.64,4.04,4.12,3.57,0.0976,−1.68,−0.451,−3.87,−4.79,2.83,5.04,3.61,3.63,3.51,4.14,4.04,4,3.99,3.75,3.69,3.68,3.47,3.06,3.11,2.96,2.52,2.48,0.708,0.906,3.23,3.59,3.44,3.85,3.88,3.53,3.68,3.8,3.66,3.03,3.08
Serbia,0.752,0.762,0.705,0.659,0.639,0.744,0.555,0.588,1.64,0.584,0.65,0.557,0.439,0.577,0.581,0.68,0.589,0.551,0.505,2.2,0.353,0.343,0.318,0.326,0.286,0.228,0.181,0.206,0.121,0.0526,−3.9,0.111,0.135,0.11,0.0728,−0.0797,−0.311,−0.406,−0.362,−0.32,−0.172,−0.0454,−0.26,−0.233,−0.3,−0.393,−0.405,−0.426,−0.401,−0.402,−0.756,−0.485,−0.486,−0.486,−0.512,−0.524,−0.532,−0.546,−0.537,−0.666,−0.944,−2.52,−0.621
South Sudan,1.53,1.59,1.59,1.85,1.9,1.45,1.27,1.33,1.32,1.3,1.72,2.11,2.37,2.61,2.6,2.59,2.57,2.54,2.51,2.48,2.46,2.45,2.25,1.89,1.75,1.78,0.833,−2.33,−2.82,0.516,2.07,1.5,0.938,2.3,3,2.48,2.8,1.99,2.66,4.42,4.48,4.47,4.54,4.67,4.82,4.97,5.04,4.99,4.72,5.29,5.41,4.45,3.74,0.614,−1.14,−2.53,−5.42,−1.34,2.92,2.6,1.55,1.42,4.11
Sao Tome and Principe,1.02,1.01,1.02,1.07,1.14,1.24,1.4,1.58,1.75,2.01,2.17,2.13,2.14,2.24,2.38,2.52,2.64,2.69,2.59,2.35,2.08,1.86,1.81,1.91,2.11,2.27,2.46,2.62,2.57,2.47,2.19,1.9,1.82,1.72,1.62,1.52,1.42,1.31,1.19,1.1,1.62,2.39,2.56,2.5,2.46,2.44,2.42,2.38,2.31,2.2,2.09,2.02,1.94,1.86,1.78,1.68,1.6,1.54,1.51,1.88,2.06,1.94,2
Suriname,3.31,4,4.52,3.96,3.48,3.42,3.43,3.42,3.41,3.36,3.24,1.39,−0.414,−0.531,−0.639,−0.739,−0.833,−0.93,−1.03,−0.591,0.0218,0.291,0.58,0.906,1.24,1.38,1.16,1.33,1.53,0.995,0.609,0.619,0.421,0.718,1.7,2.12,2.08,2.06,2.06,2.06,2.06,2.03,1.97,1.47,1.04,1.09,1.14,1.17,1.17,1.16,1.15,1.14,1.13,1.11,1.08,1.05,1.01,0.972,1.04,1.08,0.907,0.849,0.914
Slovak Republic,2.99,1.1,1.03,1.05,1,0.926,0.851,0.773,0.771,0.433,0.423,0.856,0.97,1.03,1.05,1.06,1.06,1.02,0.994,0.824,0.726,0.774,0.727,0.687,0.674,0.619,0.557,0.53,0.482,0.44,0.0775,0.0325,0.382,0.394,0.293,0.212,0.185,0.134,0.102,−0.135,−0.183,−0.0364,−0.0658,−0.0204,0.00981,0.0046,0.0292,0.0858,0.133,0.0932,0.129,0.17,0.107,0.097,0.095,0.129,0.155,0.139,0.135,0.0858,−0.212,−0.285,−0.0923
Slovenia,0.592,0.595,0.827,0.932,1.04,1.25,1.17,0.885,0.546,0.641,0.776,0.796,0.822,0.533,0.978,1.48,1.21,1.09,1.07,0.989,0.274,0.199,0.626,0.51,0.49,1.24,1.2,0.272,0.0579,0.0906,0.0634,−0.147,−0.238,−0.116,0.0216,−0.0625,−0.134,−0.218,0.0714,0.296,0.158,0.124,0.0603,0.0641,0.173,0.319,0.559,0.158,0.904,0.436,0.208,0.21,0.136,0.0984,0.0752,0.0732,0.0652,0.363,0.696,0.67,0.269,0.189,0.396
Sweden,0.471,0.552,0.564,0.747,0.942,0.952,0.767,0.562,0.703,0.933,0.688,0.295,0.172,0.29,0.397,0.364,0.355,0.291,0.218,0.203,0.12,0.0572,0.0453,0.0909,0.165,0.233,0.334,0.46,0.667,0.773,0.682,0.587,0.581,0.711,0.525,0.159,0.0573,0.0555,0.0779,0.161,0.268,0.325,0.372,0.393,0.4,0.562,0.742,0.779,0.852,0.853,0.755,0.74,0.847,0.992,1.06,1.26,1.35,1.16,1.01,0.723,0.601,0.681,0.473
Eswatini,2.27,2.27,2.3,2.38,2.52,2.65,2.54,2.44,2.53,2.6,2.68,2.74,2.8,2.87,2.94,3.04,3.2,3.29,3.3,3.31,3.32,3.32,3.29,3.26,3.66,3.96,3.88,4.6,4.64,4.05,4.02,3.81,2.91,−0.0109,−0.0802,1.98,1.68,1.28,1.09,1.03,0.922,0.794,0.683,0.604,0.545,0.5,0.576,0.675,0.641,0.586,0.555,0.538,0.544,0.557,0.572,0.584,0.753,0.923,0.932,1.08,1.16,1.02,0.946
Sint Maarten (Dutch part),8.98,9.44,9.35,9.01,8.78,8.55,8.37,8.12,7.83,7.54,7.13,6.9,7.02,7.01,6.85,6.62,6.46,6.31,6.01,5.69,6.94,9.36,9.94,9.24,8.64,8.15,7.75,7.41,7.18,6.98,6.83,4.94,1.44,−0.341,−0.455,−0.549,−0.616,−0.674,−0.695,−0.661,−0.153,0.759,1.18,1.15,1.15,1.15,1.11,1.07,1.04,0.901,1.39,2.18,2.35,2.26,2.16,2.06,1.93,1.82,1.68,1.53,1.36,1.36,1.44
Seychelles,2.81,2.65,2.54,2.51,2.51,2.49,2.46,2.42,2.38,2.33,2.02,2.41,1.53,1.82,2.31,2.02,2.1,0.587,0.859,0.913,1.22,0.589,−0.121,0.592,0.811,0.623,4.25,0.373,0.597,0.49,1.33,0.459,2.08,2.67,1.47,1.47,1.17,1.96,1.96,0.893,0.0875,3.06,−1.13,−0.37,0.463,2.08,0.511,2.24,0.393,2.79,−2.63,0.981,1.85,1.56,2.23,1.34,1.22,0.954,0.888,0.854,0.805,,−0.0876
Syria,2.99,2.94,3,3.06,3.11,3.15,3.18,3.2,3.23,3.27,3.35,3.4,3.37,3.37,3.4,3.42,3.43,3.43,3.4,3.36,3.32,3.32,3.41,3.51,3.52,3.49,3.45,3.4,3.31,3.23,3.14,3.07,3.02,2.95,2.83,2.71,2.62,2.58,2.54,2.49,2.45,2.42,2.38,2.47,2.57,4.28,6.16,3.54,1.56,2.27,1.74,−0.519,−4.92,−6.65,−4.28,−1.2,0.161,1.82,3.89,3.36,2.72,3.78,4.92
Turks and Caicos Islands,0.41,0.249,0.195,0.177,0.0177,−0.0707,0.053,−0.0177,−0.0707,0.265,1.52,2.76,2.92,2.96,2.98,3,3.02,3.14,3.1,3.47,4.45,4.8,4.71,4.61,4.45,4.32,4.14,3.92,3.81,4.33,5.14,5.26,5.1,4.97,4.82,4.63,4.45,4.33,4.25,4.2,4.42,5.08,5.34,5.07,4.83,4.62,4.46,4.31,4.15,3.95,3.65,4.07,4.64,4.07,4.34,4.57,4.09,4.04,3.79,2.79,1.91,1.33,0.763
Chad,2.02,2.02,2.04,2.03,2,1.96,1.95,1.97,2.02,2.08,2.11,2.23,2.35,2.29,2.16,2,1.87,1.82,2.11,0.223,0.122,4.7,4.95,1.32,1.01,2.99,3.5,3.39,3.39,2.77,3.66,4.24,2.36,2.3,4.41,4.43,3.45,3.44,3.51,3.46,3.37,3.48,4,4.45,4.03,3.6,3.44,3.5,3.57,3.46,3.53,3.51,3.57,3.57,3.18,3.14,3.31,3.36,3.22,3.18,3.44,3.46,4.57
Togo,1.75,1.76,1.84,2.15,2.75,3.43,3.95,4.14,3.99,3.63,3.21,2.85,2.64,2.54,2.47,2.42,2.4,2.42,2.56,2.81,3.11,3.33,3.4,3.35,3.2,3.06,3.04,3.02,2.97,2.93,2.88,2.83,−0.62,0.367,4.35,3.72,3.16,2.84,2.83,2.76,2.64,2.54,2.53,2.57,2.57,2.8,2.91,2.87,2.83,2.72,2.69,2.63,2.57,2.53,2.52,2.51,2.5,2.47,2.44,2.41,2.38,2.35,2.33
Thailand,2.93,2.96,2.98,2.99,2.99,2.96,2.92,2.88,2.82,2.77,2.7,2.66,2.64,2.55,2.44,2.31,2.24,2.18,2.1,2.06,2.01,1.95,1.94,1.9,1.85,1.79,1.74,1.71,1.65,1.64,1.63,1.59,1.54,1.47,1.43,1.38,1.33,1.31,1.25,1.13,1.02,0.962,0.932,0.896,0.86,0.83,0.8,0.768,0.739,0.671,0.622,0.62,0.587,0.53,0.461,0.451,0.423,0.303,0.205,0.167,0.12,0.0112,−0.0459
Tajikistan,3.25,3.3,3.35,3.35,3.33,3.32,3.32,3.31,3.27,3.17,3.09,3.08,3.11,3.12,3.14,3.15,3.15,3.11,2.98,2.86,2.81,2.83,2.88,2.93,3.06,3.26,3.44,3.5,2.93,2.47,2.6,1.93,1.33,1.74,2.09,1.96,1.2,0.594,0.516,1.22,1.93,1.92,1.92,1.96,1.96,1.9,1.92,1.98,2.05,2.14,2.23,2.39,2.5,2.51,2.56,2.53,2.45,2.41,2.36,2.28,2.21,2.14,2.02
Turkmenistan,3.11,3.12,3.1,3.04,2.96,2.87,2.78,2.71,2.65,2.61,2.59,2.56,2.54,2.54,2.54,2.53,2.53,2.53,2.54,2.57,2.61,2.66,2.71,2.78,2.92,3.04,3.09,3.04,2.86,2.64,2.5,2.28,2.2,2.07,1.79,1.72,1.7,1.69,1.83,1.99,2,1.99,1.96,1.92,1.88,1.86,1.87,1.91,1.97,2.05,2.12,2.18,2.23,2.26,2.29,2.29,2.29,2.26,2.21,2.12,2.02,1.93,1.84
Timor-Leste,1.52,1.56,1.6,1.64,1.67,1.69,1.72,1.74,1.76,1.77,1.77,1.76,1.71,1.36,1.23,1.57,1.74,1.68,1.57,1.73,1.62,1.3,1.27,1.33,1.43,1.5,1.58,1.69,1.91,2.06,2.33,2.67,2.73,2.77,2.76,2.74,2.75,2.73,−12.1,−11.4,8.63,7.92,4.2,1.32,2.05,2.94,2.86,2.7,2.52,2.42,2.33,2.2,2.08,1.98,1.95,1.91,1.89,1.92,1.94,1.91,1.8,1.41,1.09
Tonga,2.78,2.76,2.74,2.74,2.73,2.7,2.3,1.91,1.87,1.81,1.76,1.69,1.65,2.09,2.54,2.45,1.46,0.494,0.349,0.23,0.143,0.0725,0.0184,−0.00816,−0.00612,0.0265,0.373,0.601,0.438,0.298,0.195,0.127,0.0809,0.0629,0.0589,0.0499,0.397,0.707,0.647,0.616,0.593,0.566,0.566,0.579,0.569,0.549,0.444,0.275,0.171,0.184,0.158,−0.102,−0.356,−0.439,−0.483,−0.54,−0.159,0.2,0.0966,0.0331,−0.203,−0.426,−0.425
Trinidad and Tobago,2.13,1.96,1.87,1.79,1.68,1.55,1.42,1.31,1.2,1.09,1.11,1.22,1.27,1.25,1.21,1.21,1.23,1.27,1.3,1.27,1.19,1.12,1.09,1.07,1.22,1.32,1.18,1.04,0.933,0.851,0.792,0.75,0.689,0.613,0.529,0.444,0.377,0.336,0.342,0.385,0.438,0.485,0.502,0.497,−3.86,0.266,0.403,0.413,0.116,0.579,0.779,0.539,0.401,0.356,0.321,0.313,0.202,0.189,0.352,0.201,0.0609,−0.128,0.125
Tunisia,1.14,1.22,1.32,1.41,1.58,1.97,2.31,2.47,2.53,2.5,2.51,2.53,2.57,2.63,2.68,2.67,2.62,2.46,2.3,2.29,2.28,2.2,2.08,2.33,2.6,2.54,2.47,2.34,2.2,2.1,2.11,2.1,2,1.8,1.57,1.44,1.36,1.27,1.19,1.12,1.07,1.03,0.999,0.934,0.875,0.883,0.917,0.962,1.02,1.08,1.11,1.13,1.19,1.19,1.13,1.1,1.05,0.982,0.927,0.83,0.621,0.585,0.667
Turkey,2.75,2.7,2.67,2.62,2.51,2.54,2.6,2.53,2.45,2.35,2.37,2.4,2.31,2.21,2.07,2.04,2.06,2.02,1.96,2,1.99,2.14,2.35,2.3,2.22,2.13,2.04,2,1.96,1.87,1.76,1.7,1.73,1.74,1.64,1.51,1.45,1.39,1.34,1.28,1.24,1.21,1.16,1.12,1.07,1.03,0.161,1.27,1.38,1.52,1.47,1.27,1.28,1.35,1.33,1.35,1.3,1.35,1.43,0.97,0.91,0.985,0.406
Tuvalu,0.889,0.899,0.908,0.0174,−0.645,−0.509,−0.6,−0.497,0.124,0.567,0.388,0.123,−0.193,2.45,4.94,4.59,4.31,3.97,3.21,2.5,2.15,1.82,1.62,1.44,1.81,2.1,1.86,1.74,1.68,1.56,1.47,1.22,0.969,0.884,0.79,0.666,0.619,0.541,0.475,0.504,0.439,0.385,0.745,1.24,1.26,1.16,1.25,1.36,1.35,1.45,1.55,1.42,0.611,−0.155,−0.191,−0.301,−0.56,−1.09,−1.59,−1.74,−1.99,−2,−1.78
Tanzania,2.85,2.9,2.93,2.99,3.03,3.06,3.1,3.24,3.39,3.44,3.49,3.57,3.6,3.61,3.64,3.64,3.62,3.53,3.37,3.16,3.05,3.06,3.29,3.26,3.26,3.31,3.26,3.03,2.67,2.61,2.53,2.5,3.14,3.84,3.15,1.83,2.02,2.63,2.68,2.84,2.7,2.59,2.65,2.71,2.78,2.8,2.79,2.7,2.47,2.54,2.8,2.88,3.01,3.08,3.26,3.41,3.34,3.16,2.98,2.99,3,2.95,2.9
Uganda,2.85,2.88,2.94,2.99,3.02,3.05,3.09,3.14,3.11,3.02,2.83,2.49,2.35,2.49,2.6,2.63,2.64,2.65,2.41,2.08,2.09,2.31,2.48,2.68,2.81,2.91,3.1,3.18,3.23,3.23,3.28,3.41,3.45,3.36,2.73,2.7,2.9,2.97,3.24,3.14,3.06,3.13,3.16,3,2.93,2.93,2.94,2.94,2.94,2.94,2.93,2.9,2.87,2.95,3.07,3.32,3.49,3.4,3.39,3.33,3.22,3.01,2.8
Ukraine,1.34,1.25,1.17,1.09,0.965,0.912,0.899,0.858,0.773,0.605,0.658,0.782,0.686,0.618,0.592,0.522,0.438,0.374,0.403,0.469,0.468,0.424,0.464,0.494,0.434,0.41,0.383,0.405,0.372,0.262,0.224,0.292,0.0505,−0.525,−0.791,−0.854,−0.861,−0.805,−0.804,−0.844,−0.912,−0.879,−0.747,−0.697,−0.824,−0.647,−0.458,−0.519,−0.418,−0.36,−0.319,−0.211,−0.18,−0.335,−0.409,−0.368,−0.397,−0.501,−0.558,−0.619,−0.857,−7.62,−8.42
Uruguay,1.26,1.21,1.17,1.11,1.05,0.983,0.906,0.814,0.701,0.605,0.559,0.54,0.547,0.591,0.642,0.662,0.623,0.557,0.484,0.409,0.382,0.412,0.446,0.458,0.483,0.523,0.561,0.591,0.595,0.586,0.577,0.554,0.529,0.521,0.522,0.528,0.529,0.493,0.454,0.374,0.246,0.141,0.0707,0.0598,0.0799,0.114,0.172,0.213,0.239,0.256,0.248,0.257,0.297,0.328,0.347,0.334,0.271,0.18,0.0787,0.0519,−0.0669,−0.17,−0.0835
USA,1.66,1.54,1.44,1.39,1.25,1.15,1.09,0.998,0.977,1.17,1.26,1.07,0.954,0.914,0.986,0.95,1.01,1.06,1.1,0.96,0.981,0.953,0.914,0.866,0.886,0.924,0.894,0.908,0.944,1.13,1.34,1.39,1.32,1.23,1.19,1.16,1.2,1.17,1.15,1.11,0.99,0.928,0.859,0.925,0.922,0.964,0.951,0.946,0.877,0.83,0.727,0.734,0.693,0.733,0.736,0.725,0.633,0.526,0.455,0.969,0.157,0.367,0.492
Uzbekistan,3.69,3.88,3.85,3.79,3.74,3.64,3.53,3.44,3.31,3.1,2.92,2.88,2.89,2.9,2.91,2.9,2.89,2.79,2.66,2.62,2.62,2.63,2.67,2.74,2.82,2.87,2.86,2.76,2.62,2.41,2.4,2.46,2.31,2.14,2,1.88,1.73,1.57,1.4,1.26,1.22,1.23,1.22,1.23,1.25,1.29,1.4,1.53,1.6,1.58,1.53,1.51,1.57,1.66,1.73,1.73,1.69,1.73,1.81,1.87,1.94,2.01,2.02
St. Vincent and the Grenadines,1.74,1.58,1.46,1.38,1.3,1.23,1.16,1.07,0.988,0.949,0.942,0.943,0.917,0.873,0.831,0.804,0.789,0.758,0.682,0.708,0.822,0.849,0.817,0.792,0.758,0.712,0.657,0.595,0.553,0.484,0.366,0.255,0.201,0.162,0.114,0.0637,0.0194,0.0345,0.164,0.158,−0.0388,−0.136,−0.182,−0.271,−0.342,−0.388,−0.432,−0.452,−0.469,−0.498,−0.556,−0.562,−0.554,−0.556,−0.536,−0.573,−0.647,−0.7,−0.726,−0.617,−0.664,−0.776,−0.711
Venezuela,3.56,3.5,3.45,3.4,3.36,3.32,3.27,3.22,3.15,3.1,3.05,3,2.97,2.94,2.92,2.91,2.9,2.88,2.86,2.82,2.77,2.73,2.69,2.66,2.63,2.61,2.6,2.56,2.5,2.44,2.38,2.32,2.25,2.19,2.13,2.09,2.05,2.01,1.95,1.89,1.83,1.81,1.78,1.72,1.68,1.63,1.55,1.45,1.36,1.31,1.28,1.26,1.21,1.14,1.05,0.625,−0.653,−2.51,−2.96,−1.72,−0.728,−0.0879,0.311
British Virgin Islands,1.05,0.447,0.544,0.663,1.08,1.87,2.73,4.01,5.75,4.11,1.62,1.38,1.28,1.22,1.06,0.966,0.846,0.793,0.723,1.49,3.09,3.78,3.7,3.57,3.44,3.39,3.35,3.37,3.35,3.39,3.03,2.48,2.36,2.42,2.46,2.47,2.53,2.54,2.53,2.56,2.71,3,3.23,3.32,3.37,3.44,3.5,3.57,3.48,1.67,3.67,5.54,4.38,3.89,4.55,−1.81,−3.54,5.82,4.89,2.01,1.8,1.34,1.72
Virgin Islands (U.S.),5.39,2.02,12.9,2.48,6.41,6.02,6.09,12.6,7.94,5.13,11.1,7.31,9.73,6.69,4.93,1.76,−3.13,2.88,0.264,3.53,0.218,0.215,0.279,0.251,0.159,0.0814,0.0585,0.0505,0.0881,2.85,0.809,0.86,0.816,0.692,0.465,0.257,0.242,0.166,0.0571,0.0396,−0.0856,−0.0369,−0.00369,−0.036,−0.012,−0.0775,−0.0295,0.0554,0.00646,−0.0434,−0.0619,−0.0942,−0.136,−0.147,−0.158,−0.182,−0.219,−0.261,−0.311,−0.356,−0.396,−0.433,−0.472
Vietnam,2.66,2.6,2.76,2.67,2.53,2.38,2.26,2.14,2.11,2.18,2.32,2.28,2.23,2.23,2.33,2.55,2.63,2.61,2.22,2.14,2.35,2.34,2.38,2.4,2.32,2.15,2.03,2.02,2.05,2.09,2.1,2.03,1.92,1.81,1.67,1.52,1.45,1.43,1.3,1.13,1.05,1.02,1,0.97,0.928,1.32,1.77,1.83,1.5,1.14,1.15,1.17,1.18,1.21,1.24,1.26,1.24,1.11,0.968,0.927,0.869,0.751,0.671
Vanuatu,2.81,2.84,2.87,2.89,2.92,2.96,3,2.99,2.96,2.95,2.96,2.99,3.01,3.02,3.05,3.06,3.08,3.09,2.76,2.29,2.21,2.33,2.42,2.48,2.52,2.55,2.56,2.57,2.55,2.51,2.49,2.48,2.45,2.39,2.31,2.23,2.15,2.09,2.07,2.3,2.52,2.5,2.46,2.44,2.42,2.42,2.45,2.51,2.54,2.34,2.17,2.2,2.22,2.24,2.23,2.22,2.33,2.4,2.33,2.33,2.32,2.32,2.32
Samoa,2.64,2.65,2.64,2.54,2.44,2.39,2.03,1.67,1.61,1.56,1.49,1.42,1.36,1.97,2.58,2.43,1.67,1.01,0.93,0.88,0.822,0.485,0.138,0.0492,0.0318,0.127,0.359,0.408,0.25,0.162,0.193,0.567,0.844,0.803,0.812,0.856,0.835,0.762,0.763,0.779,0.812,0.71,0.519,0.441,0.391,0.39,0.555,0.715,0.737,0.785,0.872,0.913,0.897,0.888,0.869,0.847,0.937,1.05,1.05,1.03,0.862,0.691,0.649
Yemen,2.2,2.22,2.21,2.29,2.41,2.49,2.56,2.64,2.73,2.72,2.68,2.75,2.81,2.88,2.95,3.03,3.1,3.17,3.28,3.4,3.49,3.56,3.65,3.73,3.81,3.83,3.86,3.88,3.85,3.84,3.83,3.8,3.76,3.69,3.59,3.37,3.19,3.15,3.11,3.08,3.02,2.97,2.94,2.93,3.1,3.25,3.24,3.21,3.2,3.14,3.05,3.04,3.05,3.07,3.04,3,3.01,2.96,2.97,2.87,2.74,2.87,3.01
South Africa,2.81,2.97,3.03,3.05,3.07,3.1,3.12,3.12,3.09,3.03,2.93,2.87,2.86,2.82,2.77,2.71,2.7,2.73,2.71,3.04,3.4,3.46,3.49,3.46,3.33,3.2,3.12,3.05,2.94,2.78,2.28,1.8,1.99,1.62,1.21,1.3,1.2,1.21,1.09,0.915,0.859,0.947,0.997,1.01,1.01,1.02,1.06,1.15,1.19,1.18,1.24,1.47,1.65,1.66,2.01,0.941,0.654,1.68,1.65,1.62,1.54,1.41,1.33
Zambia,3.13,3.15,3.16,3.16,3.17,3.2,3.21,3.23,3.18,2.93,2.76,2.81,2.88,2.93,3,3.03,3.04,3.03,3,2.99,3.06,3.21,3.22,3.08,3,2.99,2.89,2.75,2.64,2.56,2.48,2.41,2.38,2.39,2.41,2.45,2.55,2.62,2.68,2.81,3.02,3.08,3.1,3.18,3.3,3.44,3.53,3.57,3.54,3.46,3.33,3.24,3.2,3.17,3.12,3.09,3.07,3.01,2.96,2.9,2.82,2.76,2.79
Zimbabwe,3.13,3.14,3.15,3.15,3.15,3.15,3.15,3.15,3.17,3.07,3,3.07,3.16,3.23,3.17,3.04,2.55,1.45,1.58,5.75,6.29,3.9,3.8,3.56,3.46,3.35,3.31,3.16,2.9,2.72,2.6,2.82,1.46,0.118,0.929,1.66,1.88,1.96,1.62,0.917,0.669,0.962,1.19,1.09,0.946,1.22,1.32,1.2,1.41,1.61,1.77,1.62,1.41,1.37,1.34,1.39,1.44,1.49,1.56,1.66,1.73,1.71,1.68
